top - 01:18:34 up  4:27,  0 users,  load average: 0.04, 0.01, 0.00
Tasks:   1 total,   0 running,   1 sleeping,   0 stopped,   0 zombie
%Cpu(s):  0.8 us,  0.8 sy,  0.0 ni, 98.4 id,  0.0 wa,  0.0 hi,  0.0 si,  0.0 st
MiB Mem :   7934.4 total,   6704.0 free,    434.3 used,    796.1 buff/cache
MiB Swap:   1024.0 total,   1024.0 free,      0.0 used.   7326.3 avail Mem 

    PID USER      PR  NI    VIRT    RES    SHR S  %CPU  %MEM     TIME+ COMMAND
    783 agent     30  10   23104  16788   8456 S   6.7   0.2   0:00.04 agent-leak-app-

top - 01:18:34 up  4:27,  0 users,  load average: 0.04, 0.01, 0.00
Tasks:   1 total,   0 running,   1 sleeping,   0 stopped,   0 zombie
%Cpu(s):  0.0 us,  0.0 sy,  0.0 ni,100.0 id,  0.0 wa,  0.0 hi,  0.0 si,  0.0 st
MiB Mem :   7934.4 total,   6704.0 free,    434.3 used,    796.1 buff/cache
MiB Swap:   1024.0 total,   1024.0 free,      0.0 used.   7326.3 avail Mem 

    PID USER      PR  NI    VIRT    RES    SHR S  %CPU  %MEM     TIME+ COMMAND
    783 agent     30  10   23104  16788   8456 S   0.0   0.2   0:00.04 agent-leak-app-

top - 01:18:34 up  4:27,  0 users,  load average: 0.04, 0.01, 0.00
Tasks:   1 total,   0 running,   1 sleeping,   0 stopped,   0 zombie
%Cpu(s):  0.0 us,  0.0 sy,  0.0 ni,100.0 id,  0.0 wa,  0.0 hi,  0.0 si,  0.0 st
MiB Mem :   7934.4 total,   6704.0 free,    434.3 used,    796.1 buff/cache
MiB Swap:   1024.0 total,   1024.0 free,      0.0 used.   7326.3 avail Mem 

    PID USER      PR  NI    VIRT    RES    SHR S  %CPU  %MEM     TIME+ COMMAND
    783 agent     30  10   23104  16788   8456 S   0.0   0.2   0:00.04 agent-leak-app-

top - 01:18:35 up  4:27,  0 users,  load average: 0.04, 0.01, 0.00
Tasks:   1 total,   0 running,   1 sleeping,   0 stopped,   0 zombie
%Cpu(s):  0.0 us,  0.0 sy,  0.0 ni, 99.4 id,  0.6 wa,  0.0 hi,  0.0 si,  0.0 st
MiB Mem :   7934.4 total,   6704.0 free,    434.3 used,    796.1 buff/cache
MiB Swap:   1024.0 total,   1024.0 free,      0.0 used.   7326.3 avail Mem 

    PID USER      PR  NI    VIRT    RES    SHR S  %CPU  %MEM     TIME+ COMMAND
    783 agent     30  10   23104  16788   8456 S   0.0   0.2   0:00.04 agent-leak-app-

top - 01:18:35 up  4:27,  0 users,  load average: 0.03, 0.01, 0.00
Tasks:   1 total,   0 running,   1 sleeping,   0 stopped,   0 zombie
%Cpu(s):  0.0 us,  0.0 sy,  0.0 ni,100.0 id,  0.0 wa,  0.0 hi,  0.0 si,  0.0 st
MiB Mem :   7934.4 total,   6704.0 free,    434.3 used,    796.1 buff/cache
MiB Swap:   1024.0 total,   1024.0 free,      0.0 used.   7326.3 avail Mem 

    PID USER      PR  NI    VIRT    RES    SHR S  %CPU  %MEM     TIME+ COMMAND
    783 agent     30  10   23104  16788   8456 S   0.0   0.2   0:00.04 agent-leak-app-

top - 01:18:35 up  4:27,  0 users,  load average: 0.03, 0.01, 0.00
Tasks:   1 total,   0 running,   1 sleeping,   0 stopped,   0 zombie
%Cpu(s):  0.0 us,  0.0 sy,  0.0 ni,100.0 id,  0.0 wa,  0.0 hi,  0.0 si,  0.0 st
MiB Mem :   7934.4 total,   6704.0 free,    434.3 used,    796.1 buff/cache
MiB Swap:   1024.0 total,   1024.0 free,      0.0 used.   7326.3 avail Mem 

    PID USER      PR  NI    VIRT    RES    SHR S  %CPU  %MEM     TIME+ COMMAND
    783 agent     30  10   23104  16788   8456 S   0.0   0.2   0:00.04 agent-leak-app-

top - 01:18:35 up  4:27,  0 users,  load average: 0.03, 0.01, 0.00
Tasks:   1 total,   0 running,   1 sleeping,   0 stopped,   0 zombie
%Cpu(s):  0.0 us,  0.0 sy,  0.0 ni,100.0 id,  0.0 wa,  0.0 hi,  0.0 si,  0.0 st
MiB Mem :   7934.4 total,   6704.0 free,    434.3 used,    796.1 buff/cache
MiB Swap:   1024.0 total,   1024.0 free,      0.0 used.   7326.3 avail Mem 

    PID USER      PR  NI    VIRT    RES    SHR S  %CPU  %MEM     TIME+ COMMAND
    783 agent     30  10   23104  16788   8456 S   0.0   0.2   0:00.04 agent-leak-app-

top - 01:18:35 up  4:27,  0 users,  load average: 0.03, 0.01, 0.00
Tasks:   1 total,   0 running,   1 sleeping,   0 stopped,   0 zombie
%Cpu(s):  0.0 us,  0.0 sy,  0.0 ni,100.0 id,  0.0 wa,  0.0 hi,  0.0 si,  0.0 st
MiB Mem :   7934.4 total,   6704.0 free,    434.3 used,    796.1 buff/cache
MiB Swap:   1024.0 total,   1024.0 free,      0.0 used.   7326.3 avail Mem 

    PID USER      PR  NI    VIRT    RES    SHR S  %CPU  %MEM     TIME+ COMMAND
    783 agent     30  10   23104  16788   8456 S   0.0   0.2   0:00.04 agent-leak-app-

top - 01:18:36 up  4:27,  0 users,  load average: 0.03, 0.01, 0.00
Tasks:   1 total,   0 running,   1 sleeping,   0 stopped,   0 zombie
%Cpu(s):  0.0 us,  0.0 sy,  0.0 ni,100.0 id,  0.0 wa,  0.0 hi,  0.0 si,  0.0 st
MiB Mem :   7934.4 total,   6704.0 free,    434.3 used,    796.1 buff/cache
MiB Swap:   1024.0 total,   1024.0 free,      0.0 used.   7326.3 avail Mem 

    PID USER      PR  NI    VIRT    RES    SHR S  %CPU  %MEM     TIME+ COMMAND
    783 agent     30  10   23104  16788   8456 S   0.0   0.2   0:00.04 agent-leak-app-

top - 01:18:36 up  4:27,  0 users,  load average: 0.03, 0.01, 0.00
Tasks:   1 total,   0 running,   1 sleeping,   0 stopped,   0 zombie
%Cpu(s):  0.0 us,  0.0 sy,  0.0 ni,100.0 id,  0.0 wa,  0.0 hi,  0.0 si,  0.0 st
MiB Mem :   7934.4 total,   6704.0 free,    434.3 used,    796.1 buff/cache
MiB Swap:   1024.0 total,   1024.0 free,      0.0 used.   7326.3 avail Mem 

    PID USER      PR  NI    VIRT    RES    SHR S  %CPU  %MEM     TIME+ COMMAND
    783 agent     30  10   23104  16788   8456 S   0.0   0.2   0:00.04 agent-leak-app-

top - 01:18:36 up  4:27,  0 users,  load average: 0.03, 0.01, 0.00
Tasks:   1 total,   0 running,   1 sleeping,   0 stopped,   0 zombie
%Cpu(s):  0.0 us,  0.0 sy,  0.0 ni, 99.4 id,  0.0 wa,  0.0 hi,  0.6 si,  0.0 st
MiB Mem :   7934.4 total,   6704.0 free,    434.3 used,    796.1 buff/cache
MiB Swap:   1024.0 total,   1024.0 free,      0.0 used.   7326.3 avail Mem 

    PID USER      PR  NI    VIRT    RES    SHR S  %CPU  %MEM     TIME+ COMMAND
    783 agent     30  10   23104  16788   8456 S   0.0   0.2   0:00.04 agent-leak-app-

top - 01:18:36 up  4:27,  0 users,  load average: 0.03, 0.01, 0.00
Tasks:   1 total,   0 running,   1 sleeping,   0 stopped,   0 zombie
%Cpu(s):  0.0 us,  0.6 sy,  0.0 ni, 99.4 id,  0.0 wa,  0.0 hi,  0.0 si,  0.0 st
MiB Mem :   7934.4 total,   6704.0 free,    434.3 used,    796.1 buff/cache
MiB Swap:   1024.0 total,   1024.0 free,      0.0 used.   7326.3 avail Mem 

    PID USER      PR  NI    VIRT    RES    SHR S  %CPU  %MEM     TIME+ COMMAND
    783 agent     30  10   23104  16788   8456 S   0.0   0.2   0:00.04 agent-leak-app-

top - 01:18:36 up  4:27,  0 users,  load average: 0.03, 0.01, 0.00
Tasks:   1 total,   0 running,   1 sleeping,   0 stopped,   0 zombie
%Cpu(s):  0.6 us,  0.0 sy,  0.0 ni, 99.4 id,  0.0 wa,  0.0 hi,  0.0 si,  0.0 st
MiB Mem :   7934.4 total,   6704.0 free,    434.3 used,    796.1 buff/cache
MiB Swap:   1024.0 total,   1024.0 free,      0.0 used.   7326.3 avail Mem 

    PID USER      PR  NI    VIRT    RES    SHR S  %CPU  %MEM     TIME+ COMMAND
    783 agent     30  10   23104  16788   8456 S   0.0   0.2   0:00.04 agent-leak-app-

top - 01:18:37 up  4:27,  0 users,  load average: 0.03, 0.01, 0.00
Tasks:   1 total,   0 running,   1 sleeping,   0 stopped,   0 zombie
%Cpu(s):  0.0 us,  0.0 sy,  0.0 ni,100.0 id,  0.0 wa,  0.0 hi,  0.0 si,  0.0 st
MiB Mem :   7934.4 total,   6704.0 free,    434.3 used,    796.1 buff/cache
MiB Swap:   1024.0 total,   1024.0 free,      0.0 used.   7326.3 avail Mem 

    PID USER      PR  NI    VIRT    RES    SHR S  %CPU  %MEM     TIME+ COMMAND
    783 agent     30  10   23104  16788   8456 S   0.0   0.2   0:00.04 agent-leak-app-

top - 01:18:37 up  4:27,  0 users,  load average: 0.03, 0.01, 0.00
Tasks:   1 total,   0 running,   1 sleeping,   0 stopped,   0 zombie
%Cpu(s):  0.0 us,  0.0 sy,  0.0 ni,100.0 id,  0.0 wa,  0.0 hi,  0.0 si,  0.0 st
MiB Mem :   7934.4 total,   6704.0 free,    434.3 used,    796.1 buff/cache
MiB Swap:   1024.0 total,   1024.0 free,      0.0 used.   7326.3 avail Mem 

    PID USER      PR  NI    VIRT    RES    SHR S  %CPU  %MEM     TIME+ COMMAND
    783 agent     30  10   23104  16788   8456 S   0.0   0.2   0:00.04 agent-leak-app-

top - 01:18:37 up  4:27,  0 users,  load average: 0.03, 0.01, 0.00
Tasks:   1 total,   0 running,   1 sleeping,   0 stopped,   0 zombie
%Cpu(s):  0.0 us,  0.0 sy,  0.0 ni,100.0 id,  0.0 wa,  0.0 hi,  0.0 si,  0.0 st
MiB Mem :   7934.4 total,   6704.0 free,    434.3 used,    796.1 buff/cache
MiB Swap:   1024.0 total,   1024.0 free,      0.0 used.   7326.3 avail Mem 

    PID USER      PR  NI    VIRT    RES    SHR S  %CPU  %MEM     TIME+ COMMAND
    783 agent     30  10   23104  16788   8456 S   0.0   0.2   0:00.04 agent-leak-app-

top - 01:18:37 up  4:27,  0 users,  load average: 0.03, 0.01, 0.00
Tasks:   1 total,   0 running,   1 sleeping,   0 stopped,   0 zombie
%Cpu(s):  0.0 us,  0.0 sy,  0.6 ni, 99.4 id,  0.0 wa,  0.0 hi,  0.0 si,  0.0 st
MiB Mem :   7934.4 total,   6704.0 free,    434.3 used,    796.1 buff/cache
MiB Swap:   1024.0 total,   1024.0 free,      0.0 used.   7326.3 avail Mem 

    PID USER      PR  NI    VIRT    RES    SHR S  %CPU  %MEM     TIME+ COMMAND
    783 agent     30  10   23104  16788   8456 S   5.0   0.2   0:00.05 agent-leak-app-

top - 01:18:38 up  4:27,  0 users,  load average: 0.03, 0.01, 0.00
Tasks:   1 total,   0 running,   1 sleeping,   0 stopped,   0 zombie
%Cpu(s):  0.0 us,  0.0 sy,  0.0 ni,100.0 id,  0.0 wa,  0.0 hi,  0.0 si,  0.0 st
MiB Mem :   7934.4 total,   6704.0 free,    434.3 used,    796.1 buff/cache
MiB Swap:   1024.0 total,   1024.0 free,      0.0 used.   7326.3 avail Mem 

    PID USER      PR  NI    VIRT    RES    SHR S  %CPU  %MEM     TIME+ COMMAND
    783 agent     30  10   23104  16788   8456 S   0.0   0.2   0:00.05 agent-leak-app-

top - 01:18:38 up  4:27,  0 users,  load average: 0.03, 0.01, 0.00
Tasks:   1 total,   0 running,   1 sleeping,   0 stopped,   0 zombie
%Cpu(s):  0.0 us,  0.0 sy,  0.0 ni,100.0 id,  0.0 wa,  0.0 hi,  0.0 si,  0.0 st
MiB Mem :   7934.4 total,   6704.0 free,    434.3 used,    796.1 buff/cache
MiB Swap:   1024.0 total,   1024.0 free,      0.0 used.   7326.3 avail Mem 

    PID USER      PR  NI    VIRT    RES    SHR S  %CPU  %MEM     TIME+ COMMAND
    783 agent     30  10   23104  16788   8456 S   0.0   0.2   0:00.05 agent-leak-app-

top - 01:18:38 up  4:27,  0 users,  load average: 0.03, 0.01, 0.00
Tasks:   1 total,   0 running,   1 sleeping,   0 stopped,   0 zombie
%Cpu(s):  0.0 us,  0.0 sy,  0.0 ni,100.0 id,  0.0 wa,  0.0 hi,  0.0 si,  0.0 st
MiB Mem :   7934.4 total,   6704.0 free,    434.3 used,    796.1 buff/cache
MiB Swap:   1024.0 total,   1024.0 free,      0.0 used.   7326.3 avail Mem 

    PID USER      PR  NI    VIRT    RES    SHR S  %CPU  %MEM     TIME+ COMMAND
    783 agent     30  10   23104  16788   8456 S   0.0   0.2   0:00.05 agent-leak-app-

top - 01:18:38 up  4:27,  0 users,  load average: 0.03, 0.01, 0.00
Tasks:   1 total,   0 running,   1 sleeping,   0 stopped,   0 zombie
%Cpu(s):  0.0 us,  0.0 sy,  0.0 ni,100.0 id,  0.0 wa,  0.0 hi,  0.0 si,  0.0 st
MiB Mem :   7934.4 total,   6704.0 free,    434.3 used,    796.1 buff/cache
MiB Swap:   1024.0 total,   1024.0 free,      0.0 used.   7326.3 avail Mem 

    PID USER      PR  NI    VIRT    RES    SHR S  %CPU  %MEM     TIME+ COMMAND
    783 agent     30  10   23104  16788   8456 S   0.0   0.2   0:00.05 agent-leak-app-

top - 01:18:38 up  4:27,  0 users,  load average: 0.03, 0.01, 0.00
Tasks:   1 total,   0 running,   1 sleeping,   0 stopped,   0 zombie
%Cpu(s):  0.0 us,  0.0 sy,  0.0 ni,100.0 id,  0.0 wa,  0.0 hi,  0.0 si,  0.0 st
MiB Mem :   7934.4 total,   6704.0 free,    434.3 used,    796.1 buff/cache
MiB Swap:   1024.0 total,   1024.0 free,      0.0 used.   7326.3 avail Mem 

    PID USER      PR  NI    VIRT    RES    SHR S  %CPU  %MEM     TIME+ COMMAND
    783 agent     30  10   23104  16788   8456 S   0.0   0.2   0:00.05 agent-leak-app-

top - 01:18:39 up  4:27,  0 users,  load average: 0.03, 0.01, 0.00
Tasks:   1 total,   0 running,   1 sleeping,   0 stopped,   0 zombie
%Cpu(s):  0.0 us,  0.0 sy,  0.0 ni,100.0 id,  0.0 wa,  0.0 hi,  0.0 si,  0.0 st
MiB Mem :   7934.4 total,   6704.0 free,    434.3 used,    796.1 buff/cache
MiB Swap:   1024.0 total,   1024.0 free,      0.0 used.   7326.3 avail Mem 

    PID USER      PR  NI    VIRT    RES    SHR S  %CPU  %MEM     TIME+ COMMAND
    783 agent     30  10   23104  16788   8456 S   0.0   0.2   0:00.05 agent-leak-app-

top - 01:18:39 up  4:27,  0 users,  load average: 0.03, 0.01, 0.00
Tasks:   1 total,   0 running,   1 sleeping,   0 stopped,   0 zombie
%Cpu(s):  0.0 us,  0.0 sy,  0.0 ni,100.0 id,  0.0 wa,  0.0 hi,  0.0 si,  0.0 st
MiB Mem :   7934.4 total,   6704.0 free,    434.3 used,    796.1 buff/cache
MiB Swap:   1024.0 total,   1024.0 free,      0.0 used.   7326.3 avail Mem 

    PID USER      PR  NI    VIRT    RES    SHR S  %CPU  %MEM     TIME+ COMMAND
    783 agent     30  10   23104  16788   8456 S   0.0   0.2   0:00.05 agent-leak-app-

top - 01:18:39 up  4:27,  0 users,  load average: 0.03, 0.01, 0.00
Tasks:   1 total,   0 running,   1 sleeping,   0 stopped,   0 zombie
%Cpu(s):  0.0 us,  0.0 sy,  0.0 ni,100.0 id,  0.0 wa,  0.0 hi,  0.0 si,  0.0 st
MiB Mem :   7934.4 total,   6704.0 free,    434.3 used,    796.1 buff/cache
MiB Swap:   1024.0 total,   1024.0 free,      0.0 used.   7326.3 avail Mem 

    PID USER      PR  NI    VIRT    RES    SHR S  %CPU  %MEM     TIME+ COMMAND
    783 agent     30  10   23104  16788   8456 S   0.0   0.2   0:00.05 agent-leak-app-

top - 01:18:39 up  4:27,  0 users,  load average: 0.03, 0.01, 0.00
Tasks:   1 total,   0 running,   1 sleeping,   0 stopped,   0 zombie
%Cpu(s):  0.0 us,  0.0 sy,  0.0 ni,100.0 id,  0.0 wa,  0.0 hi,  0.0 si,  0.0 st
MiB Mem :   7934.4 total,   6704.0 free,    434.3 used,    796.1 buff/cache
MiB Swap:   1024.0 total,   1024.0 free,      0.0 used.   7326.3 avail Mem 

    PID USER      PR  NI    VIRT    RES    SHR S  %CPU  %MEM     TIME+ COMMAND
    783 agent     30  10   23104  16788   8456 S   0.0   0.2   0:00.05 agent-leak-app-

top - 01:18:39 up  4:27,  0 users,  load average: 0.03, 0.01, 0.00
Tasks:   1 total,   0 running,   1 sleeping,   0 stopped,   0 zombie
%Cpu(s):  2.4 us,  3.0 sy,  0.0 ni, 93.9 id,  0.0 wa,  0.0 hi,  0.6 si,  0.0 st
MiB Mem :   7934.4 total,   6704.0 free,    434.3 used,    796.1 buff/cache
MiB Swap:   1024.0 total,   1024.0 free,      0.0 used.   7326.3 avail Mem 

    PID USER      PR  NI    VIRT    RES    SHR S  %CPU  %MEM     TIME+ COMMAND
    783 agent     30  10   23104  16788   8456 S   0.0   0.2   0:00.05 agent-leak-app-

top - 01:18:40 up  4:27,  0 users,  load average: 0.03, 0.01, 0.00
Tasks:   1 total,   0 running,   1 sleeping,   0 stopped,   0 zombie
%Cpu(s):  0.0 us,  0.0 sy,  0.0 ni,100.0 id,  0.0 wa,  0.0 hi,  0.0 si,  0.0 st
MiB Mem :   7934.4 total,   6694.9 free,    443.3 used,    796.1 buff/cache
MiB Swap:   1024.0 total,   1024.0 free,      0.0 used.   7317.2 avail Mem 

    PID USER      PR  NI    VIRT    RES    SHR S  %CPU  %MEM     TIME+ COMMAND
    783 agent     30  10   23104  16788   8456 S   0.0   0.2   0:00.05 agent-leak-app-

top - 01:18:40 up  4:27,  0 users,  load average: 0.03, 0.01, 0.00
Tasks:   1 total,   0 running,   1 sleeping,   0 stopped,   0 zombie
%Cpu(s):  0.0 us,  0.0 sy,  0.0 ni,100.0 id,  0.0 wa,  0.0 hi,  0.0 si,  0.0 st
MiB Mem :   7934.4 total,   6694.9 free,    443.3 used,    796.1 buff/cache
MiB Swap:   1024.0 total,   1024.0 free,      0.0 used.   7317.2 avail Mem 

    PID USER      PR  NI    VIRT    RES    SHR S  %CPU  %MEM     TIME+ COMMAND
    783 agent     30  10   23104  16788   8456 S   0.0   0.2   0:00.05 agent-leak-app-

top - 01:18:40 up  4:27,  0 users,  load average: 0.03, 0.01, 0.00
Tasks:   1 total,   0 running,   1 sleeping,   0 stopped,   0 zombie
%Cpu(s):  0.0 us,  0.0 sy,  0.0 ni,100.0 id,  0.0 wa,  0.0 hi,  0.0 si,  0.0 st
MiB Mem :   7934.4 total,   6694.9 free,    443.3 used,    796.1 buff/cache
MiB Swap:   1024.0 total,   1024.0 free,      0.0 used.   7317.2 avail Mem 

    PID USER      PR  NI    VIRT    RES    SHR S  %CPU  %MEM     TIME+ COMMAND
    783 agent     30  10   23104  16788   8456 S   0.0   0.2   0:00.05 agent-leak-app-

top - 01:18:40 up  4:27,  0 users,  load average: 0.03, 0.01, 0.00
Tasks:   1 total,   0 running,   1 sleeping,   0 stopped,   0 zombie
%Cpu(s):  0.0 us,  0.0 sy,  0.0 ni,100.0 id,  0.0 wa,  0.0 hi,  0.0 si,  0.0 st
MiB Mem :   7934.4 total,   6694.9 free,    443.3 used,    796.1 buff/cache
MiB Swap:   1024.0 total,   1024.0 free,      0.0 used.   7317.2 avail Mem 

    PID USER      PR  NI    VIRT    RES    SHR S  %CPU  %MEM     TIME+ COMMAND
    783 agent     30  10   23104  16788   8456 S   0.0   0.2   0:00.05 agent-leak-app-

top - 01:18:40 up  4:27,  0 users,  load average: 0.03, 0.01, 0.00
Tasks:   1 total,   1 running,   0 sleeping,   0 stopped,   0 zombie
%Cpu(s):  0.0 us,  0.0 sy,  1.2 ni, 98.8 id,  0.0 wa,  0.0 hi,  0.0 si,  0.0 st
MiB Mem :   7934.4 total,   6694.9 free,    443.3 used,    796.1 buff/cache
MiB Swap:   1024.0 total,   1024.0 free,      0.0 used.   7317.2 avail Mem 

    PID USER      PR  NI    VIRT    RES    SHR S  %CPU  %MEM     TIME+ COMMAND
    783 agent     30  10   23104  16788   8456 R   5.0   0.2   0:00.06 agent-leak-app-

top - 01:18:41 up  4:27,  0 users,  load average: 0.03, 0.01, 0.00
Tasks:   1 total,   0 running,   1 sleeping,   0 stopped,   0 zombie
%Cpu(s):  0.6 us,  0.0 sy,  0.0 ni, 99.4 id,  0.0 wa,  0.0 hi,  0.0 si,  0.0 st
MiB Mem :   7934.4 total,   6694.9 free,    443.3 used,    796.1 buff/cache
MiB Swap:   1024.0 total,   1024.0 free,      0.0 used.   7317.2 avail Mem 

    PID USER      PR  NI    VIRT    RES    SHR S  %CPU  %MEM     TIME+ COMMAND
    783 agent     30  10   23104  16788   8456 S   0.0   0.2   0:00.06 agent-leak-app-

top - 01:18:41 up  4:27,  0 users,  load average: 0.03, 0.01, 0.00
Tasks:   1 total,   0 running,   1 sleeping,   0 stopped,   0 zombie
%Cpu(s):  0.0 us,  0.0 sy,  0.0 ni,100.0 id,  0.0 wa,  0.0 hi,  0.0 si,  0.0 st
MiB Mem :   7934.4 total,   6694.9 free,    443.3 used,    796.1 buff/cache
MiB Swap:   1024.0 total,   1024.0 free,      0.0 used.   7317.2 avail Mem 

    PID USER      PR  NI    VIRT    RES    SHR S  %CPU  %MEM     TIME+ COMMAND
    783 agent     30  10   23104  16788   8456 S   0.0   0.2   0:00.06 agent-leak-app-

top - 01:18:41 up  4:27,  0 users,  load average: 0.03, 0.01, 0.00
Tasks:   1 total,   0 running,   1 sleeping,   0 stopped,   0 zombie
%Cpu(s):  3.1 us,  1.8 sy,  0.0 ni, 94.5 id,  0.0 wa,  0.0 hi,  0.6 si,  0.0 st
MiB Mem :   7934.4 total,   6694.9 free,    443.3 used,    796.1 buff/cache
MiB Swap:   1024.0 total,   1024.0 free,      0.0 used.   7317.2 avail Mem 

    PID USER      PR  NI    VIRT    RES    SHR S  %CPU  %MEM     TIME+ COMMAND
    783 agent     30  10   23104  16788   8456 S   0.0   0.2   0:00.06 agent-leak-app-

top - 01:18:41 up  4:27,  0 users,  load average: 0.03, 0.01, 0.00
Tasks:   1 total,   0 running,   1 sleeping,   0 stopped,   0 zombie
%Cpu(s):  0.0 us,  0.0 sy,  0.0 ni,100.0 id,  0.0 wa,  0.0 hi,  0.0 si,  0.0 st
MiB Mem :   7934.4 total,   6694.9 free,    443.3 used,    796.1 buff/cache
MiB Swap:   1024.0 total,   1024.0 free,      0.0 used.   7317.2 avail Mem 

    PID USER      PR  NI    VIRT    RES    SHR S  %CPU  %MEM     TIME+ COMMAND
    783 agent     30  10   23104  16788   8456 S   0.0   0.2   0:00.06 agent-leak-app-

top - 01:18:41 up  4:27,  0 users,  load average: 0.03, 0.01, 0.00
Tasks:   1 total,   0 running,   1 sleeping,   0 stopped,   0 zombie
%Cpu(s):  0.0 us,  0.0 sy,  0.0 ni,100.0 id,  0.0 wa,  0.0 hi,  0.0 si,  0.0 st
MiB Mem :   7934.4 total,   6694.9 free,    443.3 used,    796.1 buff/cache
MiB Swap:   1024.0 total,   1024.0 free,      0.0 used.   7317.2 avail Mem 

    PID USER      PR  NI    VIRT    RES    SHR S  %CPU  %MEM     TIME+ COMMAND
    783 agent     30  10   23104  16788   8456 S   0.0   0.2   0:00.06 agent-leak-app-

top - 01:18:42 up  4:27,  0 users,  load average: 0.03, 0.01, 0.00
Tasks:   1 total,   0 running,   1 sleeping,   0 stopped,   0 zombie
%Cpu(s):  0.0 us,  0.0 sy,  0.0 ni,100.0 id,  0.0 wa,  0.0 hi,  0.0 si,  0.0 st
MiB Mem :   7934.4 total,   6694.9 free,    443.3 used,    796.1 buff/cache
MiB Swap:   1024.0 total,   1024.0 free,      0.0 used.   7317.2 avail Mem 

    PID USER      PR  NI    VIRT    RES    SHR S  %CPU  %MEM     TIME+ COMMAND
    783 agent     30  10   23104  16788   8456 S   0.0   0.2   0:00.06 agent-leak-app-

top - 01:18:42 up  4:27,  0 users,  load average: 0.03, 0.01, 0.00
Tasks:   1 total,   0 running,   1 sleeping,   0 stopped,   0 zombie
%Cpu(s):  0.0 us,  0.0 sy,  0.0 ni,100.0 id,  0.0 wa,  0.0 hi,  0.0 si,  0.0 st
MiB Mem :   7934.4 total,   6694.9 free,    443.3 used,    796.1 buff/cache
MiB Swap:   1024.0 total,   1024.0 free,      0.0 used.   7317.2 avail Mem 

    PID USER      PR  NI    VIRT    RES    SHR S  %CPU  %MEM     TIME+ COMMAND
    783 agent     30  10   23104  16788   8456 S   0.0   0.2   0:00.06 agent-leak-app-

top - 01:18:42 up  4:27,  0 users,  load average: 0.03, 0.01, 0.00
Tasks:   1 total,   0 running,   1 sleeping,   0 stopped,   0 zombie
%Cpu(s):  0.0 us,  0.6 sy,  0.0 ni, 98.1 id,  0.0 wa,  0.0 hi,  1.2 si,  0.0 st
MiB Mem :   7934.4 total,   6694.9 free,    443.3 used,    796.1 buff/cache
MiB Swap:   1024.0 total,   1024.0 free,      0.0 used.   7317.2 avail Mem 

    PID USER      PR  NI    VIRT    RES    SHR S  %CPU  %MEM     TIME+ COMMAND
    783 agent     30  10   23104  16788   8456 S   0.0   0.2   0:00.06 agent-leak-app-

top - 01:18:42 up  4:27,  0 users,  load average: 0.03, 0.01, 0.00
Tasks:   1 total,   0 running,   1 sleeping,   0 stopped,   0 zombie
%Cpu(s):  0.0 us,  0.0 sy,  0.0 ni,100.0 id,  0.0 wa,  0.0 hi,  0.0 si,  0.0 st
MiB Mem :   7934.4 total,   6694.9 free,    443.3 used,    796.1 buff/cache
MiB Swap:   1024.0 total,   1024.0 free,      0.0 used.   7317.2 avail Mem 

    PID USER      PR  NI    VIRT    RES    SHR S  %CPU  %MEM     TIME+ COMMAND
    783 agent     30  10   23104  16788   8456 S   0.0   0.2   0:00.06 agent-leak-app-

top - 01:18:42 up  4:27,  0 users,  load average: 0.03, 0.01, 0.00
Tasks:   1 total,   0 running,   1 sleeping,   0 stopped,   0 zombie
%Cpu(s):  0.0 us,  0.0 sy,  0.0 ni,100.0 id,  0.0 wa,  0.0 hi,  0.0 si,  0.0 st
MiB Mem :   7934.4 total,   6694.9 free,    443.3 used,    796.1 buff/cache
MiB Swap:   1024.0 total,   1024.0 free,      0.0 used.   7317.2 avail Mem 

    PID USER      PR  NI    VIRT    RES    SHR S  %CPU  %MEM     TIME+ COMMAND
    783 agent     30  10   23104  16788   8456 S   5.0   0.2   0:00.07 agent-leak-app-

top - 01:18:43 up  4:27,  0 users,  load average: 0.03, 0.01, 0.00
Tasks:   1 total,   0 running,   1 sleeping,   0 stopped,   0 zombie
%Cpu(s):  0.0 us,  0.0 sy,  0.0 ni,100.0 id,  0.0 wa,  0.0 hi,  0.0 si,  0.0 st
MiB Mem :   7934.4 total,   6702.2 free,    436.1 used,    796.1 buff/cache
MiB Swap:   1024.0 total,   1024.0 free,      0.0 used.   7324.5 avail Mem 

    PID USER      PR  NI    VIRT    RES    SHR S  %CPU  %MEM     TIME+ COMMAND
    783 agent     30  10   23104  16788   8456 S   0.0   0.2   0:00.07 agent-leak-app-

top - 01:18:43 up  4:27,  0 users,  load average: 0.03, 0.01, 0.00
Tasks:   1 total,   0 running,   1 sleeping,   0 stopped,   0 zombie
%Cpu(s):  0.0 us,  0.0 sy,  0.0 ni,100.0 id,  0.0 wa,  0.0 hi,  0.0 si,  0.0 st
MiB Mem :   7934.4 total,   6702.2 free,    436.1 used,    796.1 buff/cache
MiB Swap:   1024.0 total,   1024.0 free,      0.0 used.   7324.5 avail Mem 

    PID USER      PR  NI    VIRT    RES    SHR S  %CPU  %MEM     TIME+ COMMAND
    783 agent     30  10   23104  16788   8456 S   0.0   0.2   0:00.07 agent-leak-app-

top - 01:18:43 up  4:27,  0 users,  load average: 0.03, 0.01, 0.00
Tasks:   1 total,   0 running,   1 sleeping,   0 stopped,   0 zombie
%Cpu(s):  0.0 us,  0.0 sy,  0.0 ni,100.0 id,  0.0 wa,  0.0 hi,  0.0 si,  0.0 st
MiB Mem :   7934.4 total,   6702.2 free,    436.1 used,    796.1 buff/cache
MiB Swap:   1024.0 total,   1024.0 free,      0.0 used.   7324.5 avail Mem 

    PID USER      PR  NI    VIRT    RES    SHR S  %CPU  %MEM     TIME+ COMMAND
    783 agent     30  10   23104  16788   8456 S   0.0   0.2   0:00.07 agent-leak-app-

top - 01:18:43 up  4:27,  0 users,  load average: 0.03, 0.01, 0.00
Tasks:   1 total,   0 running,   1 sleeping,   0 stopped,   0 zombie
%Cpu(s):  0.0 us,  0.0 sy,  0.0 ni,100.0 id,  0.0 wa,  0.0 hi,  0.0 si,  0.0 st
MiB Mem :   7934.4 total,   6702.2 free,    436.1 used,    796.1 buff/cache
MiB Swap:   1024.0 total,   1024.0 free,      0.0 used.   7324.5 avail Mem 

    PID USER      PR  NI    VIRT    RES    SHR S  %CPU  %MEM     TIME+ COMMAND
    783 agent     30  10   23104  16788   8456 S   0.0   0.2   0:00.07 agent-leak-app-

top - 01:18:43 up  4:27,  0 users,  load average: 0.03, 0.01, 0.00
Tasks:   1 total,   0 running,   1 sleeping,   0 stopped,   0 zombie
%Cpu(s):  0.0 us,  0.6 sy,  1.2 ni, 98.2 id,  0.0 wa,  0.0 hi,  0.0 si,  0.0 st
MiB Mem :   7934.4 total,   6702.2 free,    436.1 used,    796.1 buff/cache
MiB Swap:   1024.0 total,   1024.0 free,      0.0 used.   7324.5 avail Mem 

    PID USER      PR  NI    VIRT    RES    SHR S  %CPU  %MEM     TIME+ COMMAND
    783 agent     30  10   23104  16788   8456 S   5.0   0.2   0:00.08 agent-leak-app-

top - 01:18:44 up  4:27,  0 users,  load average: 0.03, 0.01, 0.00
Tasks:   1 total,   0 running,   1 sleeping,   0 stopped,   0 zombie
%Cpu(s):  0.0 us,  0.0 sy,  0.0 ni,100.0 id,  0.0 wa,  0.0 hi,  0.0 si,  0.0 st
MiB Mem :   7934.4 total,   6702.2 free,    436.1 used,    796.1 buff/cache
MiB Swap:   1024.0 total,   1024.0 free,      0.0 used.   7324.5 avail Mem 

    PID USER      PR  NI    VIRT    RES    SHR S  %CPU  %MEM     TIME+ COMMAND
    783 agent     30  10   23104  16788   8456 S   0.0   0.2   0:00.08 agent-leak-app-

top - 01:18:44 up  4:27,  0 users,  load average: 0.03, 0.01, 0.00
Tasks:   1 total,   0 running,   1 sleeping,   0 stopped,   0 zombie
%Cpu(s):  0.6 us,  0.0 sy,  0.0 ni, 99.4 id,  0.0 wa,  0.0 hi,  0.0 si,  0.0 st
MiB Mem :   7934.4 total,   6702.2 free,    436.1 used,    796.1 buff/cache
MiB Swap:   1024.0 total,   1024.0 free,      0.0 used.   7324.5 avail Mem 

    PID USER      PR  NI    VIRT    RES    SHR S  %CPU  %MEM     TIME+ COMMAND
    783 agent     30  10   23104  16788   8456 S   0.0   0.2   0:00.08 agent-leak-app-

top - 01:18:44 up  4:27,  0 users,  load average: 0.03, 0.01, 0.00
Tasks:   1 total,   0 running,   1 sleeping,   0 stopped,   0 zombie
%Cpu(s):  0.0 us,  0.0 sy,  0.0 ni,100.0 id,  0.0 wa,  0.0 hi,  0.0 si,  0.0 st
MiB Mem :   7934.4 total,   6702.2 free,    436.1 used,    796.1 buff/cache
MiB Swap:   1024.0 total,   1024.0 free,      0.0 used.   7324.5 avail Mem 

    PID USER      PR  NI    VIRT    RES    SHR S  %CPU  %MEM     TIME+ COMMAND
    783 agent     30  10   23104  16788   8456 S   0.0   0.2   0:00.08 agent-leak-app-

top - 01:18:44 up  4:27,  0 users,  load average: 0.03, 0.01, 0.00
Tasks:   1 total,   0 running,   1 sleeping,   0 stopped,   0 zombie
%Cpu(s):  0.0 us,  0.0 sy,  0.0 ni,100.0 id,  0.0 wa,  0.0 hi,  0.0 si,  0.0 st
MiB Mem :   7934.4 total,   6702.2 free,    436.1 used,    796.1 buff/cache
MiB Swap:   1024.0 total,   1024.0 free,      0.0 used.   7324.5 avail Mem 

    PID USER      PR  NI    VIRT    RES    SHR S  %CPU  %MEM     TIME+ COMMAND
    783 agent     30  10   23104  16788   8456 S   0.0   0.2   0:00.08 agent-leak-app-

top - 01:18:44 up  4:27,  0 users,  load average: 0.03, 0.01, 0.00
Tasks:   1 total,   0 running,   1 sleeping,   0 stopped,   0 zombie
%Cpu(s):  0.0 us,  0.0 sy,  0.0 ni,100.0 id,  0.0 wa,  0.0 hi,  0.0 si,  0.0 st
MiB Mem :   7934.4 total,   6702.2 free,    436.1 used,    796.1 buff/cache
MiB Swap:   1024.0 total,   1024.0 free,      0.0 used.   7324.5 avail Mem 

    PID USER      PR  NI    VIRT    RES    SHR S  %CPU  %MEM     TIME+ COMMAND
    783 agent     30  10   23104  16788   8456 S   0.0   0.2   0:00.08 agent-leak-app-

top - 01:18:45 up  4:27,  0 users,  load average: 0.03, 0.01, 0.00
Tasks:   1 total,   0 running,   1 sleeping,   0 stopped,   0 zombie
%Cpu(s):  0.0 us,  0.0 sy,  0.0 ni,100.0 id,  0.0 wa,  0.0 hi,  0.0 si,  0.0 st
MiB Mem :   7934.4 total,   6702.2 free,    436.1 used,    796.1 buff/cache
MiB Swap:   1024.0 total,   1024.0 free,      0.0 used.   7324.5 avail Mem 

    PID USER      PR  NI    VIRT    RES    SHR S  %CPU  %MEM     TIME+ COMMAND
    783 agent     30  10   23104  16788   8456 S   0.0   0.2   0:00.08 agent-leak-app-

top - 01:18:45 up  4:27,  0 users,  load average: 0.03, 0.01, 0.00
Tasks:   1 total,   0 running,   1 sleeping,   0 stopped,   0 zombie
%Cpu(s):  0.0 us,  0.0 sy,  0.0 ni,100.0 id,  0.0 wa,  0.0 hi,  0.0 si,  0.0 st
MiB Mem :   7934.4 total,   6702.2 free,    436.1 used,    796.1 buff/cache
MiB Swap:   1024.0 total,   1024.0 free,      0.0 used.   7324.5 avail Mem 

    PID USER      PR  NI    VIRT    RES    SHR S  %CPU  %MEM     TIME+ COMMAND
    783 agent     30  10   23104  16788   8456 S   0.0   0.2   0:00.08 agent-leak-app-

top - 01:18:45 up  4:27,  0 users,  load average: 0.03, 0.01, 0.00
Tasks:   1 total,   0 running,   1 sleeping,   0 stopped,   0 zombie
%Cpu(s):  0.0 us,  0.0 sy,  0.0 ni,100.0 id,  0.0 wa,  0.0 hi,  0.0 si,  0.0 st
MiB Mem :   7934.4 total,   6702.2 free,    436.1 used,    796.1 buff/cache
MiB Swap:   1024.0 total,   1024.0 free,      0.0 used.   7324.5 avail Mem 

    PID USER      PR  NI    VIRT    RES    SHR S  %CPU  %MEM     TIME+ COMMAND
    783 agent     30  10   23104  16788   8456 S   0.0   0.2   0:00.08 agent-leak-app-

top - 01:18:45 up  4:27,  0 users,  load average: 0.03, 0.01, 0.00
Tasks:   1 total,   0 running,   1 sleeping,   0 stopped,   0 zombie
%Cpu(s):  0.0 us,  0.0 sy,  0.0 ni,100.0 id,  0.0 wa,  0.0 hi,  0.0 si,  0.0 st
MiB Mem :   7934.4 total,   6702.2 free,    436.1 used,    796.1 buff/cache
MiB Swap:   1024.0 total,   1024.0 free,      0.0 used.   7324.5 avail Mem 

    PID USER      PR  NI    VIRT    RES    SHR S  %CPU  %MEM     TIME+ COMMAND
    783 agent     30  10   23104  16788   8456 S   0.0   0.2   0:00.08 agent-leak-app-

top - 01:18:45 up  4:27,  0 users,  load average: 0.03, 0.01, 0.00
Tasks:   1 total,   0 running,   1 sleeping,   0 stopped,   0 zombie
%Cpu(s):  0.0 us,  0.0 sy,  0.0 ni,100.0 id,  0.0 wa,  0.0 hi,  0.0 si,  0.0 st
MiB Mem :   7934.4 total,   6702.2 free,    436.1 used,    796.1 buff/cache
MiB Swap:   1024.0 total,   1024.0 free,      0.0 used.   7324.5 avail Mem 

    PID USER      PR  NI    VIRT    RES    SHR S  %CPU  %MEM     TIME+ COMMAND
    783 agent     30  10   23104  16788   8456 S   0.0   0.2   0:00.08 agent-leak-app-

top - 01:18:46 up  4:27,  0 users,  load average: 0.03, 0.01, 0.00
Tasks:   1 total,   0 running,   1 sleeping,   0 stopped,   0 zombie
%Cpu(s):  0.0 us,  0.0 sy,  0.0 ni,100.0 id,  0.0 wa,  0.0 hi,  0.0 si,  0.0 st
MiB Mem :   7934.4 total,   6702.2 free,    436.1 used,    796.1 buff/cache
MiB Swap:   1024.0 total,   1024.0 free,      0.0 used.   7324.5 avail Mem 

    PID USER      PR  NI    VIRT    RES    SHR S  %CPU  %MEM     TIME+ COMMAND
    783 agent     30  10   23104  16788   8456 S   0.0   0.2   0:00.08 agent-leak-app-

top - 01:18:46 up  4:27,  0 users,  load average: 0.03, 0.01, 0.00
Tasks:   1 total,   0 running,   1 sleeping,   0 stopped,   0 zombie
%Cpu(s):  0.0 us,  0.0 sy,  0.0 ni,100.0 id,  0.0 wa,  0.0 hi,  0.0 si,  0.0 st
MiB Mem :   7934.4 total,   6702.2 free,    436.1 used,    796.1 buff/cache
MiB Swap:   1024.0 total,   1024.0 free,      0.0 used.   7324.5 avail Mem 

    PID USER      PR  NI    VIRT    RES    SHR S  %CPU  %MEM     TIME+ COMMAND
    783 agent     30  10   23104  16788   8456 S   0.0   0.2   0:00.08 agent-leak-app-

top - 01:18:46 up  4:27,  0 users,  load average: 0.03, 0.01, 0.00
Tasks:   1 total,   0 running,   1 sleeping,   0 stopped,   0 zombie
%Cpu(s):  0.0 us,  0.0 sy,  0.0 ni,100.0 id,  0.0 wa,  0.0 hi,  0.0 si,  0.0 st
MiB Mem :   7934.4 total,   6702.2 free,    436.1 used,    796.1 buff/cache
MiB Swap:   1024.0 total,   1024.0 free,      0.0 used.   7324.5 avail Mem 

    PID USER      PR  NI    VIRT    RES    SHR S  %CPU  %MEM     TIME+ COMMAND
    783 agent     30  10   23104  16788   8456 S   0.0   0.2   0:00.08 agent-leak-app-

top - 01:18:46 up  4:27,  0 users,  load average: 0.03, 0.01, 0.00
Tasks:   1 total,   0 running,   1 sleeping,   0 stopped,   0 zombie
%Cpu(s):  0.0 us,  0.0 sy,  0.0 ni,100.0 id,  0.0 wa,  0.0 hi,  0.0 si,  0.0 st
MiB Mem :   7934.4 total,   6702.2 free,    436.1 used,    796.1 buff/cache
MiB Swap:   1024.0 total,   1024.0 free,      0.0 used.   7324.5 avail Mem 

    PID USER      PR  NI    VIRT    RES    SHR S  %CPU  %MEM     TIME+ COMMAND
    783 agent     30  10   23104  16788   8456 S   0.0   0.2   0:00.08 agent-leak-app-

top - 01:18:47 up  4:27,  0 users,  load average: 0.03, 0.01, 0.00
Tasks:   1 total,   0 running,   1 sleeping,   0 stopped,   0 zombie
%Cpu(s):  0.0 us,  0.0 sy,  0.0 ni,100.0 id,  0.0 wa,  0.0 hi,  0.0 si,  0.0 st
MiB Mem :   7934.4 total,   6702.2 free,    436.1 used,    796.1 buff/cache
MiB Swap:   1024.0 total,   1024.0 free,      0.0 used.   7324.5 avail Mem 

    PID USER      PR  NI    VIRT    RES    SHR S  %CPU  %MEM     TIME+ COMMAND
    783 agent     30  10   23104  16788   8456 S   0.0   0.2   0:00.08 agent-leak-app-

top - 01:18:47 up  4:27,  0 users,  load average: 0.03, 0.01, 0.00
Tasks:   1 total,   0 running,   1 sleeping,   0 stopped,   0 zombie
%Cpu(s):  0.0 us,  0.0 sy,  1.2 ni, 98.8 id,  0.0 wa,  0.0 hi,  0.0 si,  0.0 st
MiB Mem :   7934.4 total,   6702.2 free,    436.1 used,    796.1 buff/cache
MiB Swap:   1024.0 total,   1024.0 free,      0.0 used.   7324.5 avail Mem 

    PID USER      PR  NI    VIRT    RES    SHR S  %CPU  %MEM     TIME+ COMMAND
    783 agent     30  10   23104  16788   8456 S  15.0   0.2   0:00.11 agent-leak-app-

top - 01:18:47 up  4:27,  0 users,  load average: 0.03, 0.01, 0.00
Tasks:   1 total,   0 running,   1 sleeping,   0 stopped,   0 zombie
%Cpu(s):  0.0 us,  0.6 sy,  0.0 ni, 99.4 id,  0.0 wa,  0.0 hi,  0.0 si,  0.0 st
MiB Mem :   7934.4 total,   6702.2 free,    436.1 used,    796.1 buff/cache
MiB Swap:   1024.0 total,   1024.0 free,      0.0 used.   7324.5 avail Mem 

    PID USER      PR  NI    VIRT    RES    SHR S  %CPU  %MEM     TIME+ COMMAND
    783 agent     30  10   23104  16788   8456 S   0.0   0.2   0:00.11 agent-leak-app-

top - 01:18:47 up  4:27,  0 users,  load average: 0.03, 0.01, 0.00
Tasks:   1 total,   0 running,   1 sleeping,   0 stopped,   0 zombie
%Cpu(s):  0.0 us,  0.0 sy,  0.0 ni,100.0 id,  0.0 wa,  0.0 hi,  0.0 si,  0.0 st
MiB Mem :   7934.4 total,   6702.2 free,    436.1 used,    796.1 buff/cache
MiB Swap:   1024.0 total,   1024.0 free,      0.0 used.   7324.5 avail Mem 

    PID USER      PR  NI    VIRT    RES    SHR S  %CPU  %MEM     TIME+ COMMAND
    783 agent     30  10   23104  16788   8456 S   0.0   0.2   0:00.11 agent-leak-app-

top - 01:18:47 up  4:27,  0 users,  load average: 0.03, 0.01, 0.00
Tasks:   1 total,   0 running,   1 sleeping,   0 stopped,   0 zombie
%Cpu(s):  0.0 us,  0.0 sy,  0.0 ni,100.0 id,  0.0 wa,  0.0 hi,  0.0 si,  0.0 st
MiB Mem :   7934.4 total,   6702.2 free,    436.1 used,    796.1 buff/cache
MiB Swap:   1024.0 total,   1024.0 free,      0.0 used.   7324.5 avail Mem 

    PID USER      PR  NI    VIRT    RES    SHR S  %CPU  %MEM     TIME+ COMMAND
    783 agent     30  10   23104  16788   8456 S   0.0   0.2   0:00.11 agent-leak-app-

top - 01:18:48 up  4:27,  0 users,  load average: 0.03, 0.01, 0.00
Tasks:   1 total,   0 running,   1 sleeping,   0 stopped,   0 zombie
%Cpu(s):  0.0 us,  0.0 sy,  0.0 ni,100.0 id,  0.0 wa,  0.0 hi,  0.0 si,  0.0 st
MiB Mem :   7934.4 total,   6702.2 free,    436.1 used,    796.1 buff/cache
MiB Swap:   1024.0 total,   1024.0 free,      0.0 used.   7324.5 avail Mem 

    PID USER      PR  NI    VIRT    RES    SHR S  %CPU  %MEM     TIME+ COMMAND
    783 agent     30  10   23104  16788   8456 S   0.0   0.2   0:00.11 agent-leak-app-

top - 01:18:48 up  4:27,  0 users,  load average: 0.03, 0.01, 0.00
Tasks:   1 total,   0 running,   1 sleeping,   0 stopped,   0 zombie
%Cpu(s):  0.0 us,  0.0 sy,  0.0 ni,100.0 id,  0.0 wa,  0.0 hi,  0.0 si,  0.0 st
MiB Mem :   7934.4 total,   6702.2 free,    436.1 used,    796.1 buff/cache
MiB Swap:   1024.0 total,   1024.0 free,      0.0 used.   7324.5 avail Mem 

    PID USER      PR  NI    VIRT    RES    SHR S  %CPU  %MEM     TIME+ COMMAND
    783 agent     30  10   23104  16788   8456 S   0.0   0.2   0:00.11 agent-leak-app-

top - 01:18:48 up  4:27,  0 users,  load average: 0.03, 0.01, 0.00
Tasks:   1 total,   0 running,   1 sleeping,   0 stopped,   0 zombie
%Cpu(s):  0.6 us,  0.0 sy,  0.0 ni, 99.4 id,  0.0 wa,  0.0 hi,  0.0 si,  0.0 st
MiB Mem :   7934.4 total,   6702.2 free,    436.1 used,    796.1 buff/cache
MiB Swap:   1024.0 total,   1024.0 free,      0.0 used.   7324.5 avail Mem 

    PID USER      PR  NI    VIRT    RES    SHR S  %CPU  %MEM     TIME+ COMMAND
    783 agent     30  10   23104  16788   8456 S   0.0   0.2   0:00.11 agent-leak-app-

top - 01:18:48 up  4:27,  0 users,  load average: 0.03, 0.01, 0.00
Tasks:   1 total,   0 running,   1 sleeping,   0 stopped,   0 zombie
%Cpu(s):  0.0 us,  0.0 sy,  0.0 ni,100.0 id,  0.0 wa,  0.0 hi,  0.0 si,  0.0 st
MiB Mem :   7934.4 total,   6702.2 free,    436.1 used,    796.1 buff/cache
MiB Swap:   1024.0 total,   1024.0 free,      0.0 used.   7324.5 avail Mem 

    PID USER      PR  NI    VIRT    RES    SHR S  %CPU  %MEM     TIME+ COMMAND
    783 agent     30  10   23104  16788   8456 S   0.0   0.2   0:00.11 agent-leak-app-

top - 01:18:48 up  4:27,  0 users,  load average: 0.03, 0.01, 0.00
Tasks:   1 total,   0 running,   1 sleeping,   0 stopped,   0 zombie
%Cpu(s):  0.0 us,  0.0 sy,  0.0 ni,100.0 id,  0.0 wa,  0.0 hi,  0.0 si,  0.0 st
MiB Mem :   7934.4 total,   6702.2 free,    436.1 used,    796.1 buff/cache
MiB Swap:   1024.0 total,   1024.0 free,      0.0 used.   7324.5 avail Mem 

    PID USER      PR  NI    VIRT    RES    SHR S  %CPU  %MEM     TIME+ COMMAND
    783 agent     30  10   23104  16788   8456 S   0.0   0.2   0:00.11 agent-leak-app-

top - 01:18:49 up  4:27,  0 users,  load average: 0.03, 0.01, 0.00
Tasks:   1 total,   0 running,   1 sleeping,   0 stopped,   0 zombie
%Cpu(s):  0.0 us,  0.0 sy,  0.0 ni,100.0 id,  0.0 wa,  0.0 hi,  0.0 si,  0.0 st
MiB Mem :   7934.4 total,   6702.2 free,    436.0 used,    796.1 buff/cache
MiB Swap:   1024.0 total,   1024.0 free,      0.0 used.   7324.5 avail Mem 

    PID USER      PR  NI    VIRT    RES    SHR S  %CPU  %MEM     TIME+ COMMAND
    783 agent     30  10   23104  16788   8456 S   0.0   0.2   0:00.11 agent-leak-app-

top - 01:18:49 up  4:27,  0 users,  load average: 0.03, 0.01, 0.00
Tasks:   1 total,   0 running,   1 sleeping,   0 stopped,   0 zombie
%Cpu(s):  0.0 us,  0.0 sy,  0.0 ni,100.0 id,  0.0 wa,  0.0 hi,  0.0 si,  0.0 st
MiB Mem :   7934.4 total,   6702.2 free,    436.0 used,    796.1 buff/cache
MiB Swap:   1024.0 total,   1024.0 free,      0.0 used.   7324.5 avail Mem 

    PID USER      PR  NI    VIRT    RES    SHR S  %CPU  %MEM     TIME+ COMMAND
    783 agent     30  10   23104  16788   8456 S   0.0   0.2   0:00.11 agent-leak-app-

top - 01:18:49 up  4:27,  0 users,  load average: 0.03, 0.01, 0.00
Tasks:   1 total,   0 running,   1 sleeping,   0 stopped,   0 zombie
%Cpu(s):  0.0 us,  0.0 sy,  0.0 ni,100.0 id,  0.0 wa,  0.0 hi,  0.0 si,  0.0 st
MiB Mem :   7934.4 total,   6702.2 free,    436.0 used,    796.1 buff/cache
MiB Swap:   1024.0 total,   1024.0 free,      0.0 used.   7324.5 avail Mem 

    PID USER      PR  NI    VIRT    RES    SHR S  %CPU  %MEM     TIME+ COMMAND
    783 agent     30  10   23104  16788   8456 S   0.0   0.2   0:00.11 agent-leak-app-

top - 01:18:49 up  4:27,  0 users,  load average: 0.03, 0.01, 0.00
Tasks:   1 total,   0 running,   1 sleeping,   0 stopped,   0 zombie
%Cpu(s):  0.0 us,  0.0 sy,  0.0 ni,100.0 id,  0.0 wa,  0.0 hi,  0.0 si,  0.0 st
MiB Mem :   7934.4 total,   6702.2 free,    436.0 used,    796.1 buff/cache
MiB Swap:   1024.0 total,   1024.0 free,      0.0 used.   7324.5 avail Mem 

    PID USER      PR  NI    VIRT    RES    SHR S  %CPU  %MEM     TIME+ COMMAND
    783 agent     30  10   23104  16788   8456 S   0.0   0.2   0:00.11 agent-leak-app-

top - 01:18:49 up  4:27,  0 users,  load average: 0.03, 0.01, 0.00
Tasks:   1 total,   0 running,   1 sleeping,   0 stopped,   0 zombie
%Cpu(s):  3.0 us,  3.0 sy,  0.0 ni, 92.7 id,  0.0 wa,  0.0 hi,  1.2 si,  0.0 st
MiB Mem :   7934.4 total,   6702.2 free,    436.0 used,    796.1 buff/cache
MiB Swap:   1024.0 total,   1024.0 free,      0.0 used.   7324.5 avail Mem 

    PID USER      PR  NI    VIRT    RES    SHR S  %CPU  %MEM     TIME+ COMMAND
    783 agent     30  10   23104  16788   8456 S   0.0   0.2   0:00.11 agent-leak-app-

top - 01:18:50 up  4:27,  0 users,  load average: 0.03, 0.01, 0.00
Tasks:   1 total,   0 running,   1 sleeping,   0 stopped,   0 zombie
%Cpu(s):  0.0 us,  0.0 sy,  0.0 ni,100.0 id,  0.0 wa,  0.0 hi,  0.0 si,  0.0 st
MiB Mem :   7934.4 total,   6702.2 free,    436.0 used,    796.1 buff/cache
MiB Swap:   1024.0 total,   1024.0 free,      0.0 used.   7324.5 avail Mem 

    PID USER      PR  NI    VIRT    RES    SHR S  %CPU  %MEM     TIME+ COMMAND
    783 agent     30  10   23104  16788   8456 S   0.0   0.2   0:00.11 agent-leak-app-

top - 01:18:50 up  4:27,  0 users,  load average: 0.03, 0.01, 0.00
Tasks:   1 total,   1 running,   0 sleeping,   0 stopped,   0 zombie
%Cpu(s):  0.6 us,  0.0 sy,  1.8 ni, 97.5 id,  0.0 wa,  0.0 hi,  0.0 si,  0.0 st
MiB Mem :   7934.4 total,   6702.2 free,    436.0 used,    796.1 buff/cache
MiB Swap:   1024.0 total,   1024.0 free,      0.0 used.   7324.5 avail Mem 

    PID USER      PR  NI    VIRT    RES    SHR S  %CPU  %MEM     TIME+ COMMAND
    783 agent     30  10   23104  16788   8456 R  14.3   0.2   0:00.14 agent-leak-app-

top - 01:18:50 up  4:27,  0 users,  load average: 0.02, 0.01, 0.00
Tasks:   1 total,   0 running,   1 sleeping,   0 stopped,   0 zombie
%Cpu(s):  0.0 us,  0.0 sy,  0.0 ni,100.0 id,  0.0 wa,  0.0 hi,  0.0 si,  0.0 st
MiB Mem :   7934.4 total,   6702.2 free,    436.0 used,    796.1 buff/cache
MiB Swap:   1024.0 total,   1024.0 free,      0.0 used.   7324.5 avail Mem 

    PID USER      PR  NI    VIRT    RES    SHR S  %CPU  %MEM     TIME+ COMMAND
    783 agent     30  10   23104  16788   8456 S   0.0   0.2   0:00.14 agent-leak-app-

top - 01:18:50 up  4:27,  0 users,  load average: 0.02, 0.01, 0.00
Tasks:   1 total,   0 running,   1 sleeping,   0 stopped,   0 zombie
%Cpu(s):  0.0 us,  0.0 sy,  0.0 ni,100.0 id,  0.0 wa,  0.0 hi,  0.0 si,  0.0 st
MiB Mem :   7934.4 total,   6702.2 free,    436.0 used,    796.1 buff/cache
MiB Swap:   1024.0 total,   1024.0 free,      0.0 used.   7324.5 avail Mem 

    PID USER      PR  NI    VIRT    RES    SHR S  %CPU  %MEM     TIME+ COMMAND
    783 agent     30  10   23104  16788   8456 S   0.0   0.2   0:00.14 agent-leak-app-

top - 01:18:50 up  4:27,  0 users,  load average: 0.02, 0.01, 0.00
Tasks:   1 total,   0 running,   1 sleeping,   0 stopped,   0 zombie
%Cpu(s):  0.0 us,  0.0 sy,  0.0 ni,100.0 id,  0.0 wa,  0.0 hi,  0.0 si,  0.0 st
MiB Mem :   7934.4 total,   6702.2 free,    436.0 used,    796.1 buff/cache
MiB Swap:   1024.0 total,   1024.0 free,      0.0 used.   7324.5 avail Mem 

    PID USER      PR  NI    VIRT    RES    SHR S  %CPU  %MEM     TIME+ COMMAND
    783 agent     30  10   23104  16788   8456 S   0.0   0.2   0:00.14 agent-leak-app-

top - 01:18:51 up  4:27,  0 users,  load average: 0.02, 0.01, 0.00
Tasks:   1 total,   0 running,   1 sleeping,   0 stopped,   0 zombie
%Cpu(s):  0.0 us,  0.0 sy,  0.0 ni,100.0 id,  0.0 wa,  0.0 hi,  0.0 si,  0.0 st
MiB Mem :   7934.4 total,   6702.2 free,    436.0 used,    796.1 buff/cache
MiB Swap:   1024.0 total,   1024.0 free,      0.0 used.   7324.5 avail Mem 

    PID USER      PR  NI    VIRT    RES    SHR S  %CPU  %MEM     TIME+ COMMAND
    783 agent     30  10   23104  16788   8456 S   0.0   0.2   0:00.14 agent-leak-app-

top - 01:18:51 up  4:27,  0 users,  load average: 0.02, 0.01, 0.00
Tasks:   1 total,   0 running,   1 sleeping,   0 stopped,   0 zombie
%Cpu(s):  0.0 us,  0.0 sy,  0.0 ni,100.0 id,  0.0 wa,  0.0 hi,  0.0 si,  0.0 st
MiB Mem :   7934.4 total,   6702.2 free,    436.0 used,    796.1 buff/cache
MiB Swap:   1024.0 total,   1024.0 free,      0.0 used.   7324.5 avail Mem 

    PID USER      PR  NI    VIRT    RES    SHR S  %CPU  %MEM     TIME+ COMMAND
    783 agent     30  10   23104  16788   8456 S   0.0   0.2   0:00.14 agent-leak-app-

top - 01:18:51 up  4:27,  0 users,  load average: 0.02, 0.01, 0.00
Tasks:   1 total,   0 running,   1 sleeping,   0 stopped,   0 zombie
%Cpu(s):  1.9 us,  1.2 sy,  0.0 ni, 96.2 id,  0.0 wa,  0.0 hi,  0.6 si,  0.0 st
MiB Mem :   7934.4 total,   6702.2 free,    436.0 used,    796.1 buff/cache
MiB Swap:   1024.0 total,   1024.0 free,      0.0 used.   7324.5 avail Mem 

    PID USER      PR  NI    VIRT    RES    SHR S  %CPU  %MEM     TIME+ COMMAND
    783 agent     30  10   23104  16788   8456 S   0.0   0.2   0:00.14 agent-leak-app-

top - 01:18:51 up  4:27,  0 users,  load average: 0.02, 0.01, 0.00
Tasks:   1 total,   0 running,   1 sleeping,   0 stopped,   0 zombie
%Cpu(s):  0.0 us,  0.0 sy,  0.0 ni,100.0 id,  0.0 wa,  0.0 hi,  0.0 si,  0.0 st
MiB Mem :   7934.4 total,   6702.2 free,    436.0 used,    796.1 buff/cache
MiB Swap:   1024.0 total,   1024.0 free,      0.0 used.   7324.5 avail Mem 

    PID USER      PR  NI    VIRT    RES    SHR S  %CPU  %MEM     TIME+ COMMAND
    783 agent     30  10   23104  16788   8456 S   0.0   0.2   0:00.14 agent-leak-app-

top - 01:18:51 up  4:27,  0 users,  load average: 0.02, 0.01, 0.00
Tasks:   1 total,   0 running,   1 sleeping,   0 stopped,   0 zombie
%Cpu(s):  0.0 us,  0.0 sy,  0.0 ni,100.0 id,  0.0 wa,  0.0 hi,  0.0 si,  0.0 st
MiB Mem :   7934.4 total,   6702.2 free,    436.0 used,    796.1 buff/cache
MiB Swap:   1024.0 total,   1024.0 free,      0.0 used.   7324.5 avail Mem 

    PID USER      PR  NI    VIRT    RES    SHR S  %CPU  %MEM     TIME+ COMMAND
    783 agent     30  10   23104  16788   8456 S   0.0   0.2   0:00.14 agent-leak-app-

top - 01:18:52 up  4:27,  0 users,  load average: 0.02, 0.01, 0.00
Tasks:   1 total,   0 running,   1 sleeping,   0 stopped,   0 zombie
%Cpu(s):  0.6 us,  0.0 sy,  0.0 ni, 99.4 id,  0.0 wa,  0.0 hi,  0.0 si,  0.0 st
MiB Mem :   7934.4 total,   6702.5 free,    435.7 used,    796.1 buff/cache
MiB Swap:   1024.0 total,   1024.0 free,      0.0 used.   7324.9 avail Mem 

    PID USER      PR  NI    VIRT    RES    SHR S  %CPU  %MEM     TIME+ COMMAND
    783 agent     30  10   23104  16788   8456 S   0.0   0.2   0:00.14 agent-leak-app-

top - 01:18:52 up  4:27,  0 users,  load average: 0.02, 0.01, 0.00
Tasks:   1 total,   0 running,   1 sleeping,   0 stopped,   0 zombie
%Cpu(s):  0.0 us,  0.0 sy,  0.0 ni,100.0 id,  0.0 wa,  0.0 hi,  0.0 si,  0.0 st
MiB Mem :   7934.4 total,   6702.5 free,    435.7 used,    796.1 buff/cache
MiB Swap:   1024.0 total,   1024.0 free,      0.0 used.   7324.9 avail Mem 

    PID USER      PR  NI    VIRT    RES    SHR S  %CPU  %MEM     TIME+ COMMAND
    783 agent     30  10   23104  16788   8456 S   0.0   0.2   0:00.14 agent-leak-app-

top - 01:18:52 up  4:27,  0 users,  load average: 0.02, 0.01, 0.00
Tasks:   1 total,   0 running,   1 sleeping,   0 stopped,   0 zombie
%Cpu(s):  0.0 us,  0.6 sy,  0.0 ni, 98.8 id,  0.0 wa,  0.0 hi,  0.6 si,  0.0 st
MiB Mem :   7934.4 total,   6702.5 free,    435.7 used,    796.1 buff/cache
MiB Swap:   1024.0 total,   1024.0 free,      0.0 used.   7324.9 avail Mem 

    PID USER      PR  NI    VIRT    RES    SHR S  %CPU  %MEM     TIME+ COMMAND
    783 agent     30  10   23104  16788   8456 S   0.0   0.2   0:00.14 agent-leak-app-

top - 01:18:52 up  4:27,  0 users,  load average: 0.02, 0.01, 0.00
Tasks:   1 total,   0 running,   1 sleeping,   0 stopped,   0 zombie
%Cpu(s):  0.0 us,  0.0 sy,  0.0 ni,100.0 id,  0.0 wa,  0.0 hi,  0.0 si,  0.0 st
MiB Mem :   7934.4 total,   6702.5 free,    435.7 used,    796.1 buff/cache
MiB Swap:   1024.0 total,   1024.0 free,      0.0 used.   7324.9 avail Mem 

    PID USER      PR  NI    VIRT    RES    SHR S  %CPU  %MEM     TIME+ COMMAND
    783 agent     30  10   23104  16788   8456 S   0.0   0.2   0:00.14 agent-leak-app-

top - 01:18:52 up  4:27,  0 users,  load average: 0.02, 0.01, 0.00
Tasks:   1 total,   0 running,   1 sleeping,   0 stopped,   0 zombie
%Cpu(s):  0.0 us,  0.6 sy,  0.0 ni, 99.4 id,  0.0 wa,  0.0 hi,  0.0 si,  0.0 st
MiB Mem :   7934.4 total,   6702.5 free,    435.7 used,    796.1 buff/cache
MiB Swap:   1024.0 total,   1024.0 free,      0.0 used.   7324.9 avail Mem 

    PID USER      PR  NI    VIRT    RES    SHR S  %CPU  %MEM     TIME+ COMMAND
    783 agent     30  10   23104  16788   8456 S   0.0   0.2   0:00.14 agent-leak-app-

top - 01:18:53 up  4:27,  0 users,  load average: 0.02, 0.01, 0.00
Tasks:   1 total,   0 running,   1 sleeping,   0 stopped,   0 zombie
%Cpu(s):  0.0 us,  0.0 sy,  0.0 ni,100.0 id,  0.0 wa,  0.0 hi,  0.0 si,  0.0 st
MiB Mem :   7934.4 total,   6702.5 free,    435.7 used,    796.1 buff/cache
MiB Swap:   1024.0 total,   1024.0 free,      0.0 used.   7324.9 avail Mem 

    PID USER      PR  NI    VIRT    RES    SHR S  %CPU  %MEM     TIME+ COMMAND
    783 agent     30  10   23104  16788   8456 S   0.0   0.2   0:00.14 agent-leak-app-

top - 01:18:53 up  4:27,  0 users,  load average: 0.02, 0.01, 0.00
Tasks:   1 total,   0 running,   1 sleeping,   0 stopped,   0 zombie
%Cpu(s):  0.6 us,  0.0 sy,  1.8 ni, 97.6 id,  0.0 wa,  0.0 hi,  0.0 si,  0.0 st
MiB Mem :   7934.4 total,   6702.5 free,    435.7 used,    796.1 buff/cache
MiB Swap:   1024.0 total,   1024.0 free,      0.0 used.   7324.9 avail Mem 

    PID USER      PR  NI    VIRT    RES    SHR S  %CPU  %MEM     TIME+ COMMAND
    783 agent     30  10   23104  16788   8456 S  10.0   0.2   0:00.16 agent-leak-app-

top - 01:18:53 up  4:27,  0 users,  load average: 0.02, 0.01, 0.00
Tasks:   1 total,   0 running,   1 sleeping,   0 stopped,   0 zombie
%Cpu(s):  0.0 us,  0.0 sy,  0.0 ni,100.0 id,  0.0 wa,  0.0 hi,  0.0 si,  0.0 st
MiB Mem :   7934.4 total,   6702.5 free,    435.7 used,    796.1 buff/cache
MiB Swap:   1024.0 total,   1024.0 free,      0.0 used.   7324.9 avail Mem 

    PID USER      PR  NI    VIRT    RES    SHR S  %CPU  %MEM     TIME+ COMMAND
    783 agent     30  10   23104  16788   8456 S   0.0   0.2   0:00.16 agent-leak-app-

top - 01:18:53 up  4:27,  0 users,  load average: 0.02, 0.01, 0.00
Tasks:   1 total,   0 running,   1 sleeping,   0 stopped,   0 zombie
%Cpu(s):  0.0 us,  0.0 sy,  0.0 ni,100.0 id,  0.0 wa,  0.0 hi,  0.0 si,  0.0 st
MiB Mem :   7934.4 total,   6702.5 free,    435.7 used,    796.1 buff/cache
MiB Swap:   1024.0 total,   1024.0 free,      0.0 used.   7324.9 avail Mem 

    PID USER      PR  NI    VIRT    RES    SHR S  %CPU  %MEM     TIME+ COMMAND
    783 agent     30  10   23104  16788   8456 S   0.0   0.2   0:00.16 agent-leak-app-

top - 01:18:53 up  4:27,  0 users,  load average: 0.02, 0.01, 0.00
Tasks:   1 total,   0 running,   1 sleeping,   0 stopped,   0 zombie
%Cpu(s):  0.0 us,  0.0 sy,  0.0 ni,100.0 id,  0.0 wa,  0.0 hi,  0.0 si,  0.0 st
MiB Mem :   7934.4 total,   6702.5 free,    435.7 used,    796.1 buff/cache
MiB Swap:   1024.0 total,   1024.0 free,      0.0 used.   7324.9 avail Mem 

    PID USER      PR  NI    VIRT    RES    SHR S  %CPU  %MEM     TIME+ COMMAND
    783 agent     30  10   23104  16788   8456 S   0.0   0.2   0:00.16 agent-leak-app-

top - 01:18:54 up  4:27,  0 users,  load average: 0.02, 0.01, 0.00
Tasks:   1 total,   0 running,   1 sleeping,   0 stopped,   0 zombie
%Cpu(s):  0.0 us,  0.6 sy,  0.0 ni, 99.4 id,  0.0 wa,  0.0 hi,  0.0 si,  0.0 st
MiB Mem :   7934.4 total,   6702.5 free,    435.7 used,    796.1 buff/cache
MiB Swap:   1024.0 total,   1024.0 free,      0.0 used.   7324.9 avail Mem 

    PID USER      PR  NI    VIRT    RES    SHR S  %CPU  %MEM     TIME+ COMMAND
    783 agent     30  10   23104  16788   8456 S   0.0   0.2   0:00.16 agent-leak-app-

top - 01:18:54 up  4:27,  0 users,  load average: 0.02, 0.01, 0.00
Tasks:   1 total,   0 running,   1 sleeping,   0 stopped,   0 zombie
%Cpu(s):  0.0 us,  0.0 sy,  0.0 ni,100.0 id,  0.0 wa,  0.0 hi,  0.0 si,  0.0 st
MiB Mem :   7934.4 total,   6702.5 free,    435.7 used,    796.1 buff/cache
MiB Swap:   1024.0 total,   1024.0 free,      0.0 used.   7324.9 avail Mem 

    PID USER      PR  NI    VIRT    RES    SHR S  %CPU  %MEM     TIME+ COMMAND
    783 agent     30  10   23104  16788   8456 S   0.0   0.2   0:00.16 agent-leak-app-

top - 01:18:54 up  4:27,  0 users,  load average: 0.02, 0.01, 0.00
Tasks:   1 total,   0 running,   1 sleeping,   0 stopped,   0 zombie
%Cpu(s):  0.0 us,  0.0 sy,  0.0 ni,100.0 id,  0.0 wa,  0.0 hi,  0.0 si,  0.0 st
MiB Mem :   7934.4 total,   6702.5 free,    435.7 used,    796.1 buff/cache
MiB Swap:   1024.0 total,   1024.0 free,      0.0 used.   7324.9 avail Mem 

    PID USER      PR  NI    VIRT    RES    SHR S  %CPU  %MEM     TIME+ COMMAND
    783 agent     30  10   23104  16788   8456 S   0.0   0.2   0:00.16 agent-leak-app-

top - 01:18:54 up  4:27,  0 users,  load average: 0.02, 0.01, 0.00
Tasks:   1 total,   0 running,   1 sleeping,   0 stopped,   0 zombie
%Cpu(s):  0.0 us,  0.0 sy,  0.0 ni,100.0 id,  0.0 wa,  0.0 hi,  0.0 si,  0.0 st
MiB Mem :   7934.4 total,   6702.5 free,    435.7 used,    796.1 buff/cache
MiB Swap:   1024.0 total,   1024.0 free,      0.0 used.   7324.9 avail Mem 

    PID USER      PR  NI    VIRT    RES    SHR S  %CPU  %MEM     TIME+ COMMAND
    783 agent     30  10   23104  16788   8456 S   0.0   0.2   0:00.16 agent-leak-app-

top - 01:18:54 up  4:27,  0 users,  load average: 0.02, 0.01, 0.00
Tasks:   1 total,   0 running,   1 sleeping,   0 stopped,   0 zombie
%Cpu(s):  0.0 us,  0.0 sy,  0.0 ni,100.0 id,  0.0 wa,  0.0 hi,  0.0 si,  0.0 st
MiB Mem :   7934.4 total,   6702.5 free,    435.7 used,    796.1 buff/cache
MiB Swap:   1024.0 total,   1024.0 free,      0.0 used.   7324.9 avail Mem 

    PID USER      PR  NI    VIRT    RES    SHR S  %CPU  %MEM     TIME+ COMMAND
    783 agent     30  10   23104  16788   8456 S   0.0   0.2   0:00.16 agent-leak-app-

top - 01:18:55 up  4:27,  0 users,  load average: 0.02, 0.01, 0.00
Tasks:   1 total,   0 running,   1 sleeping,   0 stopped,   0 zombie
%Cpu(s):  0.0 us,  0.0 sy,  0.0 ni,100.0 id,  0.0 wa,  0.0 hi,  0.0 si,  0.0 st
MiB Mem :   7934.4 total,   6702.5 free,    435.7 used,    796.1 buff/cache
MiB Swap:   1024.0 total,   1024.0 free,      0.0 used.   7324.9 avail Mem 

    PID USER      PR  NI    VIRT    RES    SHR S  %CPU  %MEM     TIME+ COMMAND
    783 agent     30  10   23104  16788   8456 S   0.0   0.2   0:00.16 agent-leak-app-

top - 01:18:55 up  4:27,  0 users,  load average: 0.02, 0.01, 0.00
Tasks:   1 total,   0 running,   1 sleeping,   0 stopped,   0 zombie
%Cpu(s):  0.0 us,  0.0 sy,  0.0 ni,100.0 id,  0.0 wa,  0.0 hi,  0.0 si,  0.0 st
MiB Mem :   7934.4 total,   6702.5 free,    435.7 used,    796.1 buff/cache
MiB Swap:   1024.0 total,   1024.0 free,      0.0 used.   7324.9 avail Mem 

    PID USER      PR  NI    VIRT    RES    SHR S  %CPU  %MEM     TIME+ COMMAND
    783 agent     30  10   23104  16788   8456 S   0.0   0.2   0:00.16 agent-leak-app-

top - 01:18:55 up  4:27,  0 users,  load average: 0.02, 0.01, 0.00
Tasks:   1 total,   0 running,   1 sleeping,   0 stopped,   0 zombie
%Cpu(s):  0.0 us,  0.0 sy,  0.0 ni,100.0 id,  0.0 wa,  0.0 hi,  0.0 si,  0.0 st
MiB Mem :   7934.4 total,   6702.5 free,    435.7 used,    796.1 buff/cache
MiB Swap:   1024.0 total,   1024.0 free,      0.0 used.   7324.9 avail Mem 

    PID USER      PR  NI    VIRT    RES    SHR S  %CPU  %MEM     TIME+ COMMAND
    783 agent     30  10   23104  16788   8456 S   0.0   0.2   0:00.16 agent-leak-app-

top - 01:18:55 up  4:27,  0 users,  load average: 0.02, 0.01, 0.00
Tasks:   1 total,   0 running,   1 sleeping,   0 stopped,   0 zombie
%Cpu(s):  0.0 us,  0.0 sy,  0.0 ni,100.0 id,  0.0 wa,  0.0 hi,  0.0 si,  0.0 st
MiB Mem :   7934.4 total,   6702.5 free,    435.7 used,    796.1 buff/cache
MiB Swap:   1024.0 total,   1024.0 free,      0.0 used.   7324.9 avail Mem 

    PID USER      PR  NI    VIRT    RES    SHR S  %CPU  %MEM     TIME+ COMMAND
    783 agent     30  10   23104  16788   8456 S   0.0   0.2   0:00.16 agent-leak-app-

top - 01:18:55 up  4:27,  0 users,  load average: 0.02, 0.01, 0.00
Tasks:   1 total,   0 running,   1 sleeping,   0 stopped,   0 zombie
%Cpu(s):  0.0 us,  0.0 sy,  0.0 ni,100.0 id,  0.0 wa,  0.0 hi,  0.0 si,  0.0 st
MiB Mem :   7934.4 total,   6702.5 free,    435.7 used,    796.1 buff/cache
MiB Swap:   1024.0 total,   1024.0 free,      0.0 used.   7324.9 avail Mem 

    PID USER      PR  NI    VIRT    RES    SHR S  %CPU  %MEM     TIME+ COMMAND
    783 agent     30  10   23104  16788   8456 S   0.0   0.2   0:00.16 agent-leak-app-

top - 01:18:56 up  4:27,  0 users,  load average: 0.02, 0.01, 0.00
Tasks:   1 total,   0 running,   1 sleeping,   0 stopped,   0 zombie
%Cpu(s):  0.0 us,  0.0 sy,  0.0 ni,100.0 id,  0.0 wa,  0.0 hi,  0.0 si,  0.0 st
MiB Mem :   7934.4 total,   6702.5 free,    435.7 used,    796.1 buff/cache
MiB Swap:   1024.0 total,   1024.0 free,      0.0 used.   7324.9 avail Mem 

    PID USER      PR  NI    VIRT    RES    SHR S  %CPU  %MEM     TIME+ COMMAND
    783 agent     30  10   23104  16788   8456 S   0.0   0.2   0:00.16 agent-leak-app-

top - 01:18:56 up  4:27,  0 users,  load average: 0.02, 0.01, 0.00
Tasks:   1 total,   0 running,   1 sleeping,   0 stopped,   0 zombie
%Cpu(s):  0.0 us,  0.0 sy,  0.0 ni,100.0 id,  0.0 wa,  0.0 hi,  0.0 si,  0.0 st
MiB Mem :   7934.4 total,   6702.5 free,    435.7 used,    796.1 buff/cache
MiB Swap:   1024.0 total,   1024.0 free,      0.0 used.   7324.9 avail Mem 

    PID USER      PR  NI    VIRT    RES    SHR S  %CPU  %MEM     TIME+ COMMAND
    783 agent     30  10   23104  16788   8456 S   0.0   0.2   0:00.16 agent-leak-app-

top - 01:18:56 up  4:27,  0 users,  load average: 0.02, 0.01, 0.00
Tasks:   1 total,   0 running,   1 sleeping,   0 stopped,   0 zombie
%Cpu(s):  0.0 us,  0.0 sy,  1.2 ni, 98.2 id,  0.0 wa,  0.0 hi,  0.6 si,  0.0 st
MiB Mem :   7934.4 total,   6702.5 free,    435.7 used,    796.1 buff/cache
MiB Swap:   1024.0 total,   1024.0 free,      0.0 used.   7324.9 avail Mem 

    PID USER      PR  NI    VIRT    RES    SHR S  %CPU  %MEM     TIME+ COMMAND
    783 agent     30  10   23104  16788   8456 S  14.3   0.2   0:00.19 agent-leak-app-

top - 01:18:56 up  4:27,  0 users,  load average: 0.02, 0.01, 0.00
Tasks:   1 total,   0 running,   1 sleeping,   0 stopped,   0 zombie
%Cpu(s):  0.0 us,  0.0 sy,  0.0 ni,100.0 id,  0.0 wa,  0.0 hi,  0.0 si,  0.0 st
MiB Mem :   7934.4 total,   6702.5 free,    435.7 used,    796.1 buff/cache
MiB Swap:   1024.0 total,   1024.0 free,      0.0 used.   7324.9 avail Mem 

    PID USER      PR  NI    VIRT    RES    SHR S  %CPU  %MEM     TIME+ COMMAND
    783 agent     30  10   23104  16788   8456 S   0.0   0.2   0:00.19 agent-leak-app-

top - 01:18:56 up  4:27,  0 users,  load average: 0.02, 0.01, 0.00
Tasks:   1 total,   0 running,   1 sleeping,   0 stopped,   0 zombie
%Cpu(s):  0.0 us,  0.0 sy,  0.0 ni,100.0 id,  0.0 wa,  0.0 hi,  0.0 si,  0.0 st
MiB Mem :   7934.4 total,   6702.5 free,    435.7 used,    796.1 buff/cache
MiB Swap:   1024.0 total,   1024.0 free,      0.0 used.   7324.9 avail Mem 

    PID USER      PR  NI    VIRT    RES    SHR S  %CPU  %MEM     TIME+ COMMAND
    783 agent     30  10   23104  16788   8456 S   0.0   0.2   0:00.19 agent-leak-app-

top - 01:18:57 up  4:27,  0 users,  load average: 0.02, 0.01, 0.00
Tasks:   1 total,   0 running,   1 sleeping,   0 stopped,   0 zombie
%Cpu(s):  0.0 us,  0.0 sy,  0.0 ni,100.0 id,  0.0 wa,  0.0 hi,  0.0 si,  0.0 st
MiB Mem :   7934.4 total,   6702.5 free,    435.7 used,    796.1 buff/cache
MiB Swap:   1024.0 total,   1024.0 free,      0.0 used.   7324.9 avail Mem 

    PID USER      PR  NI    VIRT    RES    SHR S  %CPU  %MEM     TIME+ COMMAND
    783 agent     30  10   23104  16788   8456 S   0.0   0.2   0:00.19 agent-leak-app-

top - 01:18:57 up  4:27,  0 users,  load average: 0.02, 0.01, 0.00
Tasks:   1 total,   0 running,   1 sleeping,   0 stopped,   0 zombie
%Cpu(s):  0.0 us,  0.6 sy,  0.0 ni, 99.4 id,  0.0 wa,  0.0 hi,  0.0 si,  0.0 st
MiB Mem :   7934.4 total,   6702.5 free,    435.7 used,    796.1 buff/cache
MiB Swap:   1024.0 total,   1024.0 free,      0.0 used.   7324.9 avail Mem 

    PID USER      PR  NI    VIRT    RES    SHR S  %CPU  %MEM     TIME+ COMMAND
    783 agent     30  10   23104  16788   8456 S   0.0   0.2   0:00.19 agent-leak-app-

top - 01:18:57 up  4:27,  0 users,  load average: 0.02, 0.01, 0.00
Tasks:   1 total,   0 running,   1 sleeping,   0 stopped,   0 zombie
%Cpu(s):  0.6 us,  0.0 sy,  0.0 ni, 99.4 id,  0.0 wa,  0.0 hi,  0.0 si,  0.0 st
MiB Mem :   7934.4 total,   6702.5 free,    435.7 used,    796.1 buff/cache
MiB Swap:   1024.0 total,   1024.0 free,      0.0 used.   7324.9 avail Mem 

    PID USER      PR  NI    VIRT    RES    SHR S  %CPU  %MEM     TIME+ COMMAND
    783 agent     30  10   23104  16788   8456 S   0.0   0.2   0:00.19 agent-leak-app-

top - 01:18:57 up  4:27,  0 users,  load average: 0.02, 0.01, 0.00
Tasks:   1 total,   0 running,   1 sleeping,   0 stopped,   0 zombie
%Cpu(s):  0.0 us,  0.0 sy,  0.0 ni,100.0 id,  0.0 wa,  0.0 hi,  0.0 si,  0.0 st
MiB Mem :   7934.4 total,   6702.5 free,    435.7 used,    796.1 buff/cache
MiB Swap:   1024.0 total,   1024.0 free,      0.0 used.   7324.9 avail Mem 

    PID USER      PR  NI    VIRT    RES    SHR S  %CPU  %MEM     TIME+ COMMAND
    783 agent     30  10   23104  16788   8456 S   0.0   0.2   0:00.19 agent-leak-app-

top - 01:18:58 up  4:27,  0 users,  load average: 0.02, 0.01, 0.00
Tasks:   1 total,   0 running,   1 sleeping,   0 stopped,   0 zombie
%Cpu(s):  0.0 us,  0.0 sy,  0.0 ni,100.0 id,  0.0 wa,  0.0 hi,  0.0 si,  0.0 st
MiB Mem :   7934.4 total,   6702.5 free,    435.7 used,    796.2 buff/cache
MiB Swap:   1024.0 total,   1024.0 free,      0.0 used.   7324.9 avail Mem 

    PID USER      PR  NI    VIRT    RES    SHR S  %CPU  %MEM     TIME+ COMMAND
    783 agent     30  10   23104  16788   8456 S   0.0   0.2   0:00.19 agent-leak-app-

top - 01:18:58 up  4:27,  0 users,  load average: 0.02, 0.01, 0.00
Tasks:   1 total,   0 running,   1 sleeping,   0 stopped,   0 zombie
%Cpu(s):  0.0 us,  0.0 sy,  0.0 ni,100.0 id,  0.0 wa,  0.0 hi,  0.0 si,  0.0 st
MiB Mem :   7934.4 total,   6702.5 free,    435.7 used,    796.2 buff/cache
MiB Swap:   1024.0 total,   1024.0 free,      0.0 used.   7324.9 avail Mem 

    PID USER      PR  NI    VIRT    RES    SHR S  %CPU  %MEM     TIME+ COMMAND
    783 agent     30  10   23104  16788   8456 S   0.0   0.2   0:00.19 agent-leak-app-

top - 01:18:58 up  4:27,  0 users,  load average: 0.02, 0.01, 0.00
Tasks:   1 total,   0 running,   1 sleeping,   0 stopped,   0 zombie
%Cpu(s):  0.0 us,  0.0 sy,  0.0 ni,100.0 id,  0.0 wa,  0.0 hi,  0.0 si,  0.0 st
MiB Mem :   7934.4 total,   6702.5 free,    435.7 used,    796.2 buff/cache
MiB Swap:   1024.0 total,   1024.0 free,      0.0 used.   7324.9 avail Mem 

    PID USER      PR  NI    VIRT    RES    SHR S  %CPU  %MEM     TIME+ COMMAND
    783 agent     30  10   23104  16788   8456 S   0.0   0.2   0:00.19 agent-leak-app-

top - 01:18:58 up  4:27,  0 users,  load average: 0.02, 0.01, 0.00
Tasks:   1 total,   0 running,   1 sleeping,   0 stopped,   0 zombie
%Cpu(s):  0.0 us,  0.0 sy,  0.0 ni,100.0 id,  0.0 wa,  0.0 hi,  0.0 si,  0.0 st
MiB Mem :   7934.4 total,   6702.5 free,    435.7 used,    796.2 buff/cache
MiB Swap:   1024.0 total,   1024.0 free,      0.0 used.   7324.9 avail Mem 

    PID USER      PR  NI    VIRT    RES    SHR S  %CPU  %MEM     TIME+ COMMAND
    783 agent     30  10   23104  16788   8456 S   0.0   0.2   0:00.19 agent-leak-app-

top - 01:18:58 up  4:27,  0 users,  load average: 0.02, 0.01, 0.00
Tasks:   1 total,   0 running,   1 sleeping,   0 stopped,   0 zombie
%Cpu(s):  0.0 us,  0.0 sy,  0.0 ni,100.0 id,  0.0 wa,  0.0 hi,  0.0 si,  0.0 st
MiB Mem :   7934.4 total,   6702.5 free,    435.7 used,    796.2 buff/cache
MiB Swap:   1024.0 total,   1024.0 free,      0.0 used.   7324.9 avail Mem 

    PID USER      PR  NI    VIRT    RES    SHR S  %CPU  %MEM     TIME+ COMMAND
    783 agent     30  10   23104  16788   8456 S   0.0   0.2   0:00.19 agent-leak-app-

top - 01:18:59 up  4:27,  0 users,  load average: 0.02, 0.01, 0.00
Tasks:   1 total,   0 running,   1 sleeping,   0 stopped,   0 zombie
%Cpu(s):  0.0 us,  0.0 sy,  0.0 ni,100.0 id,  0.0 wa,  0.0 hi,  0.0 si,  0.0 st
MiB Mem :   7934.4 total,   6702.5 free,    435.7 used,    796.2 buff/cache
MiB Swap:   1024.0 total,   1024.0 free,      0.0 used.   7324.9 avail Mem 

    PID USER      PR  NI    VIRT    RES    SHR S  %CPU  %MEM     TIME+ COMMAND
    783 agent     30  10   23104  16788   8456 S   0.0   0.2   0:00.19 agent-leak-app-

top - 01:18:59 up  4:27,  0 users,  load average: 0.02, 0.01, 0.00
Tasks:   1 total,   0 running,   1 sleeping,   0 stopped,   0 zombie
%Cpu(s):  0.0 us,  0.0 sy,  0.0 ni,100.0 id,  0.0 wa,  0.0 hi,  0.0 si,  0.0 st
MiB Mem :   7934.4 total,   6702.5 free,    435.7 used,    796.2 buff/cache
MiB Swap:   1024.0 total,   1024.0 free,      0.0 used.   7324.9 avail Mem 

    PID USER      PR  NI    VIRT    RES    SHR S  %CPU  %MEM     TIME+ COMMAND
    783 agent     30  10   23104  16788   8456 S   0.0   0.2   0:00.19 agent-leak-app-

top - 01:18:59 up  4:27,  0 users,  load average: 0.02, 0.01, 0.00
Tasks:   1 total,   0 running,   1 sleeping,   0 stopped,   0 zombie
%Cpu(s):  0.0 us,  0.0 sy,  0.0 ni,100.0 id,  0.0 wa,  0.0 hi,  0.0 si,  0.0 st
MiB Mem :   7934.4 total,   6702.5 free,    435.7 used,    796.2 buff/cache
MiB Swap:   1024.0 total,   1024.0 free,      0.0 used.   7324.9 avail Mem 

    PID USER      PR  NI    VIRT    RES    SHR S  %CPU  %MEM     TIME+ COMMAND
    783 agent     30  10   23104  16788   8456 S   0.0   0.2   0:00.19 agent-leak-app-

top - 01:18:59 up  4:27,  0 users,  load average: 0.02, 0.01, 0.00
Tasks:   1 total,   0 running,   1 sleeping,   0 stopped,   0 zombie
%Cpu(s):  0.0 us,  0.0 sy,  1.9 ni, 98.1 id,  0.0 wa,  0.0 hi,  0.0 si,  0.0 st
MiB Mem :   7934.4 total,   6702.5 free,    435.7 used,    796.2 buff/cache
MiB Swap:   1024.0 total,   1024.0 free,      0.0 used.   7324.9 avail Mem 

    PID USER      PR  NI    VIRT    RES    SHR S  %CPU  %MEM     TIME+ COMMAND
    783 agent     30  10   23104  16788   8456 S  14.3   0.2   0:00.22 agent-leak-app-

top - 01:18:59 up  4:27,  0 users,  load average: 0.02, 0.01, 0.00
Tasks:   1 total,   0 running,   1 sleeping,   0 stopped,   0 zombie
%Cpu(s):  1.9 us,  1.9 sy,  0.0 ni, 95.6 id,  0.0 wa,  0.0 hi,  0.6 si,  0.0 st
MiB Mem :   7934.4 total,   6702.5 free,    435.7 used,    796.2 buff/cache
MiB Swap:   1024.0 total,   1024.0 free,      0.0 used.   7324.9 avail Mem 

    PID USER      PR  NI    VIRT    RES    SHR S  %CPU  %MEM     TIME+ COMMAND
    783 agent     30  10   23104  16788   8456 S   0.0   0.2   0:00.22 agent-leak-app-

top - 01:19:00 up  4:27,  0 users,  load average: 0.02, 0.01, 0.00
Tasks:   1 total,   0 running,   1 sleeping,   0 stopped,   0 zombie
%Cpu(s):  0.6 us,  0.6 sy,  0.0 ni, 98.8 id,  0.0 wa,  0.0 hi,  0.0 si,  0.0 st
MiB Mem :   7934.4 total,   6702.5 free,    435.7 used,    796.2 buff/cache
MiB Swap:   1024.0 total,   1024.0 free,      0.0 used.   7324.9 avail Mem 

    PID USER      PR  NI    VIRT    RES    SHR S  %CPU  %MEM     TIME+ COMMAND
    783 agent     30  10   23104  16788   8456 S   0.0   0.2   0:00.22 agent-leak-app-

top - 01:19:00 up  4:27,  0 users,  load average: 0.02, 0.01, 0.00
Tasks:   1 total,   0 running,   1 sleeping,   0 stopped,   0 zombie
%Cpu(s):  0.0 us,  0.6 sy,  0.0 ni, 99.4 id,  0.0 wa,  0.0 hi,  0.0 si,  0.0 st
MiB Mem :   7934.4 total,   6702.5 free,    435.7 used,    796.2 buff/cache
MiB Swap:   1024.0 total,   1024.0 free,      0.0 used.   7324.9 avail Mem 

    PID USER      PR  NI    VIRT    RES    SHR S  %CPU  %MEM     TIME+ COMMAND
    783 agent     30  10   23104  16788   8456 S   0.0   0.2   0:00.22 agent-leak-app-

top - 01:19:00 up  4:27,  0 users,  load average: 0.02, 0.01, 0.00
Tasks:   1 total,   0 running,   1 sleeping,   0 stopped,   0 zombie
%Cpu(s):  0.0 us,  0.0 sy,  0.0 ni,100.0 id,  0.0 wa,  0.0 hi,  0.0 si,  0.0 st
MiB Mem :   7934.4 total,   6702.5 free,    435.7 used,    796.2 buff/cache
MiB Swap:   1024.0 total,   1024.0 free,      0.0 used.   7324.9 avail Mem 

    PID USER      PR  NI    VIRT    RES    SHR S  %CPU  %MEM     TIME+ COMMAND
    783 agent     30  10   23104  16788   8456 S   0.0   0.2   0:00.22 agent-leak-app-

top - 01:19:00 up  4:27,  0 users,  load average: 0.02, 0.01, 0.00
Tasks:   1 total,   0 running,   1 sleeping,   0 stopped,   0 zombie
%Cpu(s):  0.0 us,  0.0 sy,  0.0 ni,100.0 id,  0.0 wa,  0.0 hi,  0.0 si,  0.0 st
MiB Mem :   7934.4 total,   6702.5 free,    435.7 used,    796.2 buff/cache
MiB Swap:   1024.0 total,   1024.0 free,      0.0 used.   7324.9 avail Mem 

    PID USER      PR  NI    VIRT    RES    SHR S  %CPU  %MEM     TIME+ COMMAND
    783 agent     30  10   23104  16788   8456 S   0.0   0.2   0:00.22 agent-leak-app-

top - 01:19:00 up  4:27,  0 users,  load average: 0.02, 0.01, 0.00
Tasks:   1 total,   0 running,   1 sleeping,   0 stopped,   0 zombie
%Cpu(s):  0.6 us,  0.0 sy,  0.0 ni, 99.4 id,  0.0 wa,  0.0 hi,  0.0 si,  0.0 st
MiB Mem :   7934.4 total,   6702.5 free,    435.7 used,    796.2 buff/cache
MiB Swap:   1024.0 total,   1024.0 free,      0.0 used.   7324.9 avail Mem 

    PID USER      PR  NI    VIRT    RES    SHR S  %CPU  %MEM     TIME+ COMMAND
    783 agent     30  10   23104  16788   8456 S   0.0   0.2   0:00.22 agent-leak-app-

top - 01:19:01 up  4:27,  0 users,  load average: 0.02, 0.01, 0.00
Tasks:   1 total,   0 running,   1 sleeping,   0 stopped,   0 zombie
%Cpu(s):  0.0 us,  0.0 sy,  0.0 ni,100.0 id,  0.0 wa,  0.0 hi,  0.0 si,  0.0 st
MiB Mem :   7934.4 total,   6692.7 free,    445.5 used,    796.2 buff/cache
MiB Swap:   1024.0 total,   1024.0 free,      0.0 used.   7315.1 avail Mem 

    PID USER      PR  NI    VIRT    RES    SHR S  %CPU  %MEM     TIME+ COMMAND
    783 agent     30  10   23104  16788   8456 S   0.0   0.2   0:00.22 agent-leak-app-

top - 01:19:01 up  4:27,  0 users,  load average: 0.02, 0.01, 0.00
Tasks:   1 total,   0 running,   1 sleeping,   0 stopped,   0 zombie
%Cpu(s):  0.0 us,  0.0 sy,  0.0 ni,100.0 id,  0.0 wa,  0.0 hi,  0.0 si,  0.0 st
MiB Mem :   7934.4 total,   6692.7 free,    445.5 used,    796.2 buff/cache
MiB Swap:   1024.0 total,   1024.0 free,      0.0 used.   7315.1 avail Mem 

    PID USER      PR  NI    VIRT    RES    SHR S  %CPU  %MEM     TIME+ COMMAND
    783 agent     30  10   23104  16788   8456 S   0.0   0.2   0:00.22 agent-leak-app-

top - 01:19:01 up  4:27,  0 users,  load average: 0.02, 0.01, 0.00
Tasks:   1 total,   0 running,   1 sleeping,   0 stopped,   0 zombie
%Cpu(s):  1.9 us,  0.6 sy,  0.0 ni, 96.9 id,  0.0 wa,  0.0 hi,  0.6 si,  0.0 st
MiB Mem :   7934.4 total,   6692.7 free,    445.5 used,    796.2 buff/cache
MiB Swap:   1024.0 total,   1024.0 free,      0.0 used.   7315.1 avail Mem 

    PID USER      PR  NI    VIRT    RES    SHR S  %CPU  %MEM     TIME+ COMMAND
    783 agent     30  10   23104  16788   8456 S   0.0   0.2   0:00.22 agent-leak-app-

top - 01:19:01 up  4:27,  0 users,  load average: 0.02, 0.01, 0.00
Tasks:   1 total,   0 running,   1 sleeping,   0 stopped,   0 zombie
%Cpu(s):  3.1 us,  0.0 sy,  0.0 ni, 96.9 id,  0.0 wa,  0.0 hi,  0.0 si,  0.0 st
MiB Mem :   7934.4 total,   6692.7 free,    445.5 used,    796.2 buff/cache
MiB Swap:   1024.0 total,   1024.0 free,      0.0 used.   7315.1 avail Mem 

    PID USER      PR  NI    VIRT    RES    SHR S  %CPU  %MEM     TIME+ COMMAND
    783 agent     30  10   23104  16788   8456 S   0.0   0.2   0:00.22 agent-leak-app-

top - 01:19:01 up  4:27,  0 users,  load average: 0.02, 0.01, 0.00
Tasks:   1 total,   0 running,   1 sleeping,   0 stopped,   0 zombie
%Cpu(s):  0.6 us,  0.0 sy,  0.0 ni, 99.4 id,  0.0 wa,  0.0 hi,  0.0 si,  0.0 st
MiB Mem :   7934.4 total,   6692.7 free,    445.5 used,    796.2 buff/cache
MiB Swap:   1024.0 total,   1024.0 free,      0.0 used.   7315.1 avail Mem 

    PID USER      PR  NI    VIRT    RES    SHR S  %CPU  %MEM     TIME+ COMMAND
    783 agent     30  10   23104  16788   8456 S   0.0   0.2   0:00.22 agent-leak-app-

top - 01:19:02 up  4:27,  0 users,  load average: 0.02, 0.01, 0.00
Tasks:   1 total,   0 running,   1 sleeping,   0 stopped,   0 zombie
%Cpu(s):  0.0 us,  0.0 sy,  0.0 ni,100.0 id,  0.0 wa,  0.0 hi,  0.0 si,  0.0 st
MiB Mem :   7934.4 total,   6692.7 free,    445.5 used,    796.2 buff/cache
MiB Swap:   1024.0 total,   1024.0 free,      0.0 used.   7315.1 avail Mem 

    PID USER      PR  NI    VIRT    RES    SHR S  %CPU  %MEM     TIME+ COMMAND
    783 agent     30  10   23104  16788   8456 S   0.0   0.2   0:00.22 agent-leak-app-

top - 01:19:02 up  4:27,  0 users,  load average: 0.02, 0.01, 0.00
Tasks:   1 total,   0 running,   1 sleeping,   0 stopped,   0 zombie
%Cpu(s):  0.0 us,  0.6 sy,  0.0 ni, 99.4 id,  0.0 wa,  0.0 hi,  0.0 si,  0.0 st
MiB Mem :   7934.4 total,   6692.7 free,    445.5 used,    796.2 buff/cache
MiB Swap:   1024.0 total,   1024.0 free,      0.0 used.   7315.1 avail Mem 

    PID USER      PR  NI    VIRT    RES    SHR S  %CPU  %MEM     TIME+ COMMAND
    783 agent     30  10   23104  16788   8456 S   0.0   0.2   0:00.22 agent-leak-app-

top - 01:19:02 up  4:27,  0 users,  load average: 0.02, 0.01, 0.00
Tasks:   1 total,   0 running,   1 sleeping,   0 stopped,   0 zombie
%Cpu(s):  0.0 us,  0.0 sy,  0.0 ni, 99.4 id,  0.0 wa,  0.0 hi,  0.6 si,  0.0 st
MiB Mem :   7934.4 total,   6692.7 free,    445.5 used,    796.2 buff/cache
MiB Swap:   1024.0 total,   1024.0 free,      0.0 used.   7315.1 avail Mem 

    PID USER      PR  NI    VIRT    RES    SHR S  %CPU  %MEM     TIME+ COMMAND
    783 agent     30  10   23104  16788   8456 S   0.0   0.2   0:00.22 agent-leak-app-

top - 01:19:02 up  4:27,  0 users,  load average: 0.02, 0.01, 0.00
Tasks:   1 total,   1 running,   0 sleeping,   0 stopped,   0 zombie
%Cpu(s):  0.0 us,  0.0 sy,  1.2 ni, 98.8 id,  0.0 wa,  0.0 hi,  0.0 si,  0.0 st
MiB Mem :   7934.4 total,   6692.7 free,    445.5 used,    796.2 buff/cache
MiB Swap:   1024.0 total,   1024.0 free,      0.0 used.   7315.1 avail Mem 

    PID USER      PR  NI    VIRT    RES    SHR S  %CPU  %MEM     TIME+ COMMAND
    783 agent     30  10   23104  16788   8456 R  10.0   0.2   0:00.24 agent-leak-app-

top - 01:19:02 up  4:27,  0 users,  load average: 0.02, 0.01, 0.00
Tasks:   1 total,   0 running,   1 sleeping,   0 stopped,   0 zombie
%Cpu(s):  0.0 us,  0.0 sy,  1.2 ni, 98.8 id,  0.0 wa,  0.0 hi,  0.0 si,  0.0 st
MiB Mem :   7934.4 total,   6692.7 free,    445.5 used,    796.2 buff/cache
MiB Swap:   1024.0 total,   1024.0 free,      0.0 used.   7315.1 avail Mem 

    PID USER      PR  NI    VIRT    RES    SHR S  %CPU  %MEM     TIME+ COMMAND
    783 agent     30  10   23104  16788   8456 S   9.5   0.2   0:00.26 agent-leak-app-

top - 01:19:03 up  4:27,  0 users,  load average: 0.02, 0.01, 0.00
Tasks:   1 total,   0 running,   1 sleeping,   0 stopped,   0 zombie
%Cpu(s):  0.0 us,  0.0 sy,  0.0 ni,100.0 id,  0.0 wa,  0.0 hi,  0.0 si,  0.0 st
MiB Mem :   7934.4 total,   6692.7 free,    445.5 used,    796.2 buff/cache
MiB Swap:   1024.0 total,   1024.0 free,      0.0 used.   7315.1 avail Mem 

    PID USER      PR  NI    VIRT    RES    SHR S  %CPU  %MEM     TIME+ COMMAND
    783 agent     30  10   23104  16788   8456 S   0.0   0.2   0:00.26 agent-leak-app-

top - 01:19:03 up  4:27,  0 users,  load average: 0.02, 0.01, 0.00
Tasks:   1 total,   0 running,   1 sleeping,   0 stopped,   0 zombie
%Cpu(s):  0.0 us,  1.2 sy,  0.0 ni, 98.8 id,  0.0 wa,  0.0 hi,  0.0 si,  0.0 st
MiB Mem :   7934.4 total,   6692.7 free,    445.5 used,    796.2 buff/cache
MiB Swap:   1024.0 total,   1024.0 free,      0.0 used.   7315.1 avail Mem 

    PID USER      PR  NI    VIRT    RES    SHR S  %CPU  %MEM     TIME+ COMMAND
    783 agent     30  10   23104  16788   8456 S   0.0   0.2   0:00.26 agent-leak-app-

top - 01:19:03 up  4:27,  0 users,  load average: 0.02, 0.01, 0.00
Tasks:   1 total,   0 running,   1 sleeping,   0 stopped,   0 zombie
%Cpu(s):  0.6 us,  0.6 sy,  0.0 ni, 98.8 id,  0.0 wa,  0.0 hi,  0.0 si,  0.0 st
MiB Mem :   7934.4 total,   6692.7 free,    445.5 used,    796.2 buff/cache
MiB Swap:   1024.0 total,   1024.0 free,      0.0 used.   7315.1 avail Mem 

    PID USER      PR  NI    VIRT    RES    SHR S  %CPU  %MEM     TIME+ COMMAND
    783 agent     30  10   23104  16788   8456 S   0.0   0.2   0:00.26 agent-leak-app-

top - 01:19:03 up  4:27,  0 users,  load average: 0.02, 0.01, 0.00
Tasks:   1 total,   0 running,   1 sleeping,   0 stopped,   0 zombie
%Cpu(s):  0.6 us,  0.0 sy,  0.0 ni, 99.4 id,  0.0 wa,  0.0 hi,  0.0 si,  0.0 st
MiB Mem :   7934.4 total,   6692.7 free,    445.5 used,    796.2 buff/cache
MiB Swap:   1024.0 total,   1024.0 free,      0.0 used.   7315.1 avail Mem 

    PID USER      PR  NI    VIRT    RES    SHR S  %CPU  %MEM     TIME+ COMMAND
    783 agent     30  10   23104  16788   8456 S   0.0   0.2   0:00.26 agent-leak-app-

top - 01:19:03 up  4:27,  0 users,  load average: 0.02, 0.01, 0.00
Tasks:   1 total,   0 running,   1 sleeping,   0 stopped,   0 zombie
%Cpu(s):  0.0 us,  0.0 sy,  0.0 ni,100.0 id,  0.0 wa,  0.0 hi,  0.0 si,  0.0 st
MiB Mem :   7934.4 total,   6692.7 free,    445.5 used,    796.2 buff/cache
MiB Swap:   1024.0 total,   1024.0 free,      0.0 used.   7315.1 avail Mem 

    PID USER      PR  NI    VIRT    RES    SHR S  %CPU  %MEM     TIME+ COMMAND
    783 agent     30  10   23104  16788   8456 S   0.0   0.2   0:00.26 agent-leak-app-

top - 01:19:04 up  4:27,  0 users,  load average: 0.02, 0.01, 0.00
Tasks:   1 total,   0 running,   1 sleeping,   0 stopped,   0 zombie
%Cpu(s):  0.0 us,  0.0 sy,  0.0 ni,100.0 id,  0.0 wa,  0.0 hi,  0.0 si,  0.0 st
MiB Mem :   7934.4 total,   6694.3 free,    443.9 used,    796.2 buff/cache
MiB Swap:   1024.0 total,   1024.0 free,      0.0 used.   7316.7 avail Mem 

    PID USER      PR  NI    VIRT    RES    SHR S  %CPU  %MEM     TIME+ COMMAND
    783 agent     30  10   23104  16788   8456 S   0.0   0.2   0:00.26 agent-leak-app-

top - 01:19:04 up  4:27,  0 users,  load average: 0.02, 0.01, 0.00
Tasks:   1 total,   0 running,   1 sleeping,   0 stopped,   0 zombie
%Cpu(s):  0.0 us,  0.6 sy,  0.0 ni, 99.4 id,  0.0 wa,  0.0 hi,  0.0 si,  0.0 st
MiB Mem :   7934.4 total,   6694.3 free,    443.9 used,    796.2 buff/cache
MiB Swap:   1024.0 total,   1024.0 free,      0.0 used.   7316.7 avail Mem 

    PID USER      PR  NI    VIRT    RES    SHR S  %CPU  %MEM     TIME+ COMMAND
    783 agent     30  10   23104  16788   8456 S   0.0   0.2   0:00.26 agent-leak-app-

top - 01:19:04 up  4:27,  0 users,  load average: 0.02, 0.01, 0.00
Tasks:   1 total,   0 running,   1 sleeping,   0 stopped,   0 zombie
%Cpu(s):  0.0 us,  0.0 sy,  0.0 ni,100.0 id,  0.0 wa,  0.0 hi,  0.0 si,  0.0 st
MiB Mem :   7934.4 total,   6694.3 free,    443.9 used,    796.2 buff/cache
MiB Swap:   1024.0 total,   1024.0 free,      0.0 used.   7316.7 avail Mem 

    PID USER      PR  NI    VIRT    RES    SHR S  %CPU  %MEM     TIME+ COMMAND
    783 agent     30  10   23104  16788   8456 S   0.0   0.2   0:00.26 agent-leak-app-

top - 01:19:04 up  4:27,  0 users,  load average: 0.02, 0.01, 0.00
Tasks:   1 total,   0 running,   1 sleeping,   0 stopped,   0 zombie
%Cpu(s):  0.6 us,  0.0 sy,  0.0 ni, 99.4 id,  0.0 wa,  0.0 hi,  0.0 si,  0.0 st
MiB Mem :   7934.4 total,   6694.3 free,    443.9 used,    796.2 buff/cache
MiB Swap:   1024.0 total,   1024.0 free,      0.0 used.   7316.7 avail Mem 

    PID USER      PR  NI    VIRT    RES    SHR S  %CPU  %MEM     TIME+ COMMAND
    783 agent     30  10   23104  16788   8456 S   0.0   0.2   0:00.26 agent-leak-app-

top - 01:19:04 up  4:27,  0 users,  load average: 0.02, 0.01, 0.00
Tasks:   1 total,   0 running,   1 sleeping,   0 stopped,   0 zombie
%Cpu(s):  0.0 us,  0.0 sy,  0.0 ni,100.0 id,  0.0 wa,  0.0 hi,  0.0 si,  0.0 st
MiB Mem :   7934.4 total,   6694.3 free,    443.9 used,    796.2 buff/cache
MiB Swap:   1024.0 total,   1024.0 free,      0.0 used.   7316.7 avail Mem 

    PID USER      PR  NI    VIRT    RES    SHR S  %CPU  %MEM     TIME+ COMMAND
    783 agent     30  10   23104  16788   8456 S   0.0   0.2   0:00.26 agent-leak-app-

top - 01:19:05 up  4:27,  0 users,  load average: 0.02, 0.01, 0.00
Tasks:   1 total,   0 running,   1 sleeping,   0 stopped,   0 zombie
%Cpu(s):  0.0 us,  0.0 sy,  0.0 ni,100.0 id,  0.0 wa,  0.0 hi,  0.0 si,  0.0 st
MiB Mem :   7934.4 total,   6694.3 free,    443.9 used,    796.2 buff/cache
MiB Swap:   1024.0 total,   1024.0 free,      0.0 used.   7316.7 avail Mem 

    PID USER      PR  NI    VIRT    RES    SHR S  %CPU  %MEM     TIME+ COMMAND
    783 agent     30  10   23104  16788   8456 S   0.0   0.2   0:00.26 agent-leak-app-

top - 01:19:05 up  4:27,  0 users,  load average: 0.02, 0.01, 0.00
Tasks:   1 total,   0 running,   1 sleeping,   0 stopped,   0 zombie
%Cpu(s):  0.0 us,  0.0 sy,  0.0 ni,100.0 id,  0.0 wa,  0.0 hi,  0.0 si,  0.0 st
MiB Mem :   7934.4 total,   6694.3 free,    443.9 used,    796.2 buff/cache
MiB Swap:   1024.0 total,   1024.0 free,      0.0 used.   7316.7 avail Mem 

    PID USER      PR  NI    VIRT    RES    SHR S  %CPU  %MEM     TIME+ COMMAND
    783 agent     30  10   23104  16788   8456 S   0.0   0.2   0:00.26 agent-leak-app-

top - 01:19:05 up  4:27,  0 users,  load average: 0.02, 0.01, 0.00
Tasks:   1 total,   0 running,   1 sleeping,   0 stopped,   0 zombie
%Cpu(s):  0.0 us,  0.0 sy,  0.0 ni,100.0 id,  0.0 wa,  0.0 hi,  0.0 si,  0.0 st
MiB Mem :   7934.4 total,   6694.3 free,    443.9 used,    796.2 buff/cache
MiB Swap:   1024.0 total,   1024.0 free,      0.0 used.   7316.7 avail Mem 

    PID USER      PR  NI    VIRT    RES    SHR S  %CPU  %MEM     TIME+ COMMAND
    783 agent     30  10   23104  16788   8456 S   0.0   0.2   0:00.26 agent-leak-app-

top - 01:19:05 up  4:27,  0 users,  load average: 0.02, 0.01, 0.00
Tasks:   1 total,   0 running,   1 sleeping,   0 stopped,   0 zombie
%Cpu(s):  0.0 us,  0.0 sy,  0.0 ni,100.0 id,  0.0 wa,  0.0 hi,  0.0 si,  0.0 st
MiB Mem :   7934.4 total,   6694.3 free,    443.9 used,    796.2 buff/cache
MiB Swap:   1024.0 total,   1024.0 free,      0.0 used.   7316.7 avail Mem 

    PID USER      PR  NI    VIRT    RES    SHR S  %CPU  %MEM     TIME+ COMMAND
    783 agent     30  10   23104  16788   8456 S   0.0   0.2   0:00.26 agent-leak-app-

top - 01:19:05 up  4:27,  0 users,  load average: 0.02, 0.01, 0.00
Tasks:   1 total,   0 running,   1 sleeping,   0 stopped,   0 zombie
%Cpu(s):  0.0 us,  0.6 sy,  2.4 ni, 97.0 id,  0.0 wa,  0.0 hi,  0.0 si,  0.0 st
MiB Mem :   7934.4 total,   6694.3 free,    443.9 used,    796.2 buff/cache
MiB Swap:   1024.0 total,   1024.0 free,      0.0 used.   7316.7 avail Mem 

    PID USER      PR  NI    VIRT    RES    SHR S  %CPU  %MEM     TIME+ COMMAND
    783 agent     30  10   23104  16788   8456 S  19.0   0.2   0:00.30 agent-leak-app-

top - 01:19:06 up  4:27,  0 users,  load average: 0.02, 0.01, 0.00
Tasks:   1 total,   0 running,   1 sleeping,   0 stopped,   0 zombie
%Cpu(s):  0.0 us,  0.0 sy,  0.0 ni,100.0 id,  0.0 wa,  0.0 hi,  0.0 si,  0.0 st
MiB Mem :   7934.4 total,   6694.3 free,    443.9 used,    796.2 buff/cache
MiB Swap:   1024.0 total,   1024.0 free,      0.0 used.   7316.7 avail Mem 

    PID USER      PR  NI    VIRT    RES    SHR S  %CPU  %MEM     TIME+ COMMAND
    783 agent     30  10   23104  16788   8456 S   0.0   0.2   0:00.30 agent-leak-app-

top - 01:19:06 up  4:27,  0 users,  load average: 0.02, 0.01, 0.00
Tasks:   1 total,   0 running,   1 sleeping,   0 stopped,   0 zombie
%Cpu(s):  0.0 us,  0.0 sy,  0.0 ni,100.0 id,  0.0 wa,  0.0 hi,  0.0 si,  0.0 st
MiB Mem :   7934.4 total,   6694.3 free,    443.9 used,    796.2 buff/cache
MiB Swap:   1024.0 total,   1024.0 free,      0.0 used.   7316.7 avail Mem 

    PID USER      PR  NI    VIRT    RES    SHR S  %CPU  %MEM     TIME+ COMMAND
    783 agent     30  10   23104  16788   8456 S   0.0   0.2   0:00.30 agent-leak-app-

top - 01:19:06 up  4:27,  0 users,  load average: 0.02, 0.01, 0.00
Tasks:   1 total,   0 running,   1 sleeping,   0 stopped,   0 zombie
%Cpu(s):  0.0 us,  0.0 sy,  0.0 ni, 99.4 id,  0.0 wa,  0.0 hi,  0.6 si,  0.0 st
MiB Mem :   7934.4 total,   6694.3 free,    443.9 used,    796.2 buff/cache
MiB Swap:   1024.0 total,   1024.0 free,      0.0 used.   7316.7 avail Mem 

    PID USER      PR  NI    VIRT    RES    SHR S  %CPU  %MEM     TIME+ COMMAND
    783 agent     30  10   23104  16788   8456 S   0.0   0.2   0:00.30 agent-leak-app-

top - 01:19:06 up  4:27,  0 users,  load average: 0.02, 0.01, 0.00
Tasks:   1 total,   0 running,   1 sleeping,   0 stopped,   0 zombie
%Cpu(s):  0.6 us,  0.0 sy,  0.0 ni, 99.4 id,  0.0 wa,  0.0 hi,  0.0 si,  0.0 st
MiB Mem :   7934.4 total,   6694.3 free,    443.9 used,    796.2 buff/cache
MiB Swap:   1024.0 total,   1024.0 free,      0.0 used.   7316.7 avail Mem 

    PID USER      PR  NI    VIRT    RES    SHR S  %CPU  %MEM     TIME+ COMMAND
    783 agent     30  10   23104  16788   8456 S   0.0   0.2   0:00.30 agent-leak-app-

top - 01:19:06 up  4:27,  0 users,  load average: 0.02, 0.01, 0.00
Tasks:   1 total,   0 running,   1 sleeping,   0 stopped,   0 zombie
%Cpu(s):  0.0 us,  0.0 sy,  0.0 ni,100.0 id,  0.0 wa,  0.0 hi,  0.0 si,  0.0 st
MiB Mem :   7934.4 total,   6694.3 free,    443.9 used,    796.2 buff/cache
MiB Swap:   1024.0 total,   1024.0 free,      0.0 used.   7316.7 avail Mem 

    PID USER      PR  NI    VIRT    RES    SHR S  %CPU  %MEM     TIME+ COMMAND
    783 agent     30  10   23104  16788   8456 S   0.0   0.2   0:00.30 agent-leak-app-

top - 01:19:07 up  4:27,  0 users,  load average: 0.02, 0.01, 0.00
Tasks:   1 total,   0 running,   1 sleeping,   0 stopped,   0 zombie
%Cpu(s):  0.0 us,  0.0 sy,  0.0 ni,100.0 id,  0.0 wa,  0.0 hi,  0.0 si,  0.0 st
MiB Mem :   7934.4 total,   6694.3 free,    443.9 used,    796.2 buff/cache
MiB Swap:   1024.0 total,   1024.0 free,      0.0 used.   7316.7 avail Mem 

    PID USER      PR  NI    VIRT    RES    SHR S  %CPU  %MEM     TIME+ COMMAND
    783 agent     30  10   23104  16788   8456 S   0.0   0.2   0:00.30 agent-leak-app-

top - 01:19:07 up  4:27,  0 users,  load average: 0.02, 0.01, 0.00
Tasks:   1 total,   0 running,   1 sleeping,   0 stopped,   0 zombie
%Cpu(s):  0.0 us,  0.0 sy,  0.0 ni,100.0 id,  0.0 wa,  0.0 hi,  0.0 si,  0.0 st
MiB Mem :   7934.4 total,   6694.3 free,    443.9 used,    796.2 buff/cache
MiB Swap:   1024.0 total,   1024.0 free,      0.0 used.   7316.7 avail Mem 

    PID USER      PR  NI    VIRT    RES    SHR S  %CPU  %MEM     TIME+ COMMAND
    783 agent     30  10   23104  16788   8456 S   0.0   0.2   0:00.30 agent-leak-app-

top - 01:19:07 up  4:27,  0 users,  load average: 0.02, 0.01, 0.00
Tasks:   1 total,   0 running,   1 sleeping,   0 stopped,   0 zombie
%Cpu(s):  0.0 us,  0.0 sy,  0.0 ni,100.0 id,  0.0 wa,  0.0 hi,  0.0 si,  0.0 st
MiB Mem :   7934.4 total,   6694.3 free,    443.9 used,    796.2 buff/cache
MiB Swap:   1024.0 total,   1024.0 free,      0.0 used.   7316.7 avail Mem 

    PID USER      PR  NI    VIRT    RES    SHR S  %CPU  %MEM     TIME+ COMMAND
    783 agent     30  10   23104  16788   8456 S   0.0   0.2   0:00.30 agent-leak-app-

top - 01:19:07 up  4:27,  0 users,  load average: 0.02, 0.01, 0.00
Tasks:   1 total,   0 running,   1 sleeping,   0 stopped,   0 zombie
%Cpu(s):  0.0 us,  0.0 sy,  0.0 ni,100.0 id,  0.0 wa,  0.0 hi,  0.0 si,  0.0 st
MiB Mem :   7934.4 total,   6694.3 free,    443.9 used,    796.2 buff/cache
MiB Swap:   1024.0 total,   1024.0 free,      0.0 used.   7316.7 avail Mem 

    PID USER      PR  NI    VIRT    RES    SHR S  %CPU  %MEM     TIME+ COMMAND
    783 agent     30  10   23104  16788   8456 S   0.0   0.2   0:00.30 agent-leak-app-

top - 01:19:08 up  4:27,  0 users,  load average: 0.02, 0.01, 0.00
Tasks:   1 total,   0 running,   1 sleeping,   0 stopped,   0 zombie
%Cpu(s):  0.0 us,  0.6 sy,  0.0 ni, 99.4 id,  0.0 wa,  0.0 hi,  0.0 si,  0.0 st
MiB Mem :   7934.4 total,   6694.3 free,    443.9 used,    796.2 buff/cache
MiB Swap:   1024.0 total,   1024.0 free,      0.0 used.   7316.7 avail Mem 

    PID USER      PR  NI    VIRT    RES    SHR S  %CPU  %MEM     TIME+ COMMAND
    783 agent     30  10   23104  16788   8456 S   0.0   0.2   0:00.30 agent-leak-app-

top - 01:19:08 up  4:27,  0 users,  load average: 0.02, 0.01, 0.00
Tasks:   1 total,   0 running,   1 sleeping,   0 stopped,   0 zombie
%Cpu(s):  0.0 us,  0.0 sy,  0.0 ni,100.0 id,  0.0 wa,  0.0 hi,  0.0 si,  0.0 st
MiB Mem :   7934.4 total,   6694.3 free,    443.9 used,    796.2 buff/cache
MiB Swap:   1024.0 total,   1024.0 free,      0.0 used.   7316.7 avail Mem 

    PID USER      PR  NI    VIRT    RES    SHR S  %CPU  %MEM     TIME+ COMMAND
    783 agent     30  10   23104  16788   8456 S   0.0   0.2   0:00.30 agent-leak-app-

top - 01:19:08 up  4:27,  0 users,  load average: 0.02, 0.01, 0.00
Tasks:   1 total,   0 running,   1 sleeping,   0 stopped,   0 zombie
%Cpu(s):  0.0 us,  0.0 sy,  0.0 ni, 98.8 id,  1.2 wa,  0.0 hi,  0.0 si,  0.0 st
MiB Mem :   7934.4 total,   6694.3 free,    443.9 used,    796.2 buff/cache
MiB Swap:   1024.0 total,   1024.0 free,      0.0 used.   7316.7 avail Mem 

    PID USER      PR  NI    VIRT    RES    SHR S  %CPU  %MEM     TIME+ COMMAND
    783 agent     30  10   23104  16788   8456 S   0.0   0.2   0:00.30 agent-leak-app-

top - 01:19:08 up  4:27,  0 users,  load average: 0.02, 0.01, 0.00
Tasks:   1 total,   0 running,   1 sleeping,   0 stopped,   0 zombie
%Cpu(s):  0.0 us,  0.0 sy,  0.0 ni,100.0 id,  0.0 wa,  0.0 hi,  0.0 si,  0.0 st
MiB Mem :   7934.4 total,   6694.3 free,    443.9 used,    796.2 buff/cache
MiB Swap:   1024.0 total,   1024.0 free,      0.0 used.   7316.7 avail Mem 

    PID USER      PR  NI    VIRT    RES    SHR S  %CPU  %MEM     TIME+ COMMAND
    783 agent     30  10   23104  16788   8456 S   0.0   0.2   0:00.30 agent-leak-app-

top - 01:19:08 up  4:27,  0 users,  load average: 0.02, 0.01, 0.00
Tasks:   1 total,   0 running,   1 sleeping,   0 stopped,   0 zombie
%Cpu(s):  0.0 us,  0.0 sy,  0.0 ni,100.0 id,  0.0 wa,  0.0 hi,  0.0 si,  0.0 st
MiB Mem :   7934.4 total,   6694.3 free,    443.9 used,    796.2 buff/cache
MiB Swap:   1024.0 total,   1024.0 free,      0.0 used.   7316.7 avail Mem 

    PID USER      PR  NI    VIRT    RES    SHR S  %CPU  %MEM     TIME+ COMMAND
    783 agent     30  10   23104  16788   8456 S   0.0   0.2   0:00.30 agent-leak-app-

top - 01:19:09 up  4:27,  0 users,  load average: 0.02, 0.01, 0.00
Tasks:   1 total,   1 running,   0 sleeping,   0 stopped,   0 zombie
%Cpu(s):  0.0 us,  0.0 sy,  3.1 ni, 96.9 id,  0.0 wa,  0.0 hi,  0.0 si,  0.0 st
MiB Mem :   7934.4 total,   6694.3 free,    443.9 used,    796.2 buff/cache
MiB Swap:   1024.0 total,   1024.0 free,      0.0 used.   7316.7 avail Mem 

    PID USER      PR  NI    VIRT    RES    SHR S  %CPU  %MEM     TIME+ COMMAND
    783 agent     30  10   23104  16788   8456 R  25.0   0.2   0:00.35 agent-leak-app-

top - 01:19:09 up  4:27,  0 users,  load average: 0.02, 0.01, 0.00
Tasks:   1 total,   0 running,   1 sleeping,   0 stopped,   0 zombie
%Cpu(s):  0.0 us,  0.0 sy,  0.0 ni,100.0 id,  0.0 wa,  0.0 hi,  0.0 si,  0.0 st
MiB Mem :   7934.4 total,   6694.3 free,    443.9 used,    796.2 buff/cache
MiB Swap:   1024.0 total,   1024.0 free,      0.0 used.   7316.7 avail Mem 

    PID USER      PR  NI    VIRT    RES    SHR S  %CPU  %MEM     TIME+ COMMAND
    783 agent     30  10   23104  16788   8456 S   0.0   0.2   0:00.35 agent-leak-app-

top - 01:19:09 up  4:27,  0 users,  load average: 0.02, 0.01, 0.00
Tasks:   1 total,   0 running,   1 sleeping,   0 stopped,   0 zombie
%Cpu(s):  0.0 us,  0.0 sy,  0.0 ni,100.0 id,  0.0 wa,  0.0 hi,  0.0 si,  0.0 st
MiB Mem :   7934.4 total,   6694.3 free,    443.9 used,    796.2 buff/cache
MiB Swap:   1024.0 total,   1024.0 free,      0.0 used.   7316.7 avail Mem 

    PID USER      PR  NI    VIRT    RES    SHR S  %CPU  %MEM     TIME+ COMMAND
    783 agent     30  10   23104  16788   8456 S   0.0   0.2   0:00.35 agent-leak-app-

top - 01:19:09 up  4:27,  0 users,  load average: 0.02, 0.01, 0.00
Tasks:   1 total,   0 running,   1 sleeping,   0 stopped,   0 zombie
%Cpu(s):  0.0 us,  0.0 sy,  0.0 ni,100.0 id,  0.0 wa,  0.0 hi,  0.0 si,  0.0 st
MiB Mem :   7934.4 total,   6694.3 free,    443.9 used,    796.2 buff/cache
MiB Swap:   1024.0 total,   1024.0 free,      0.0 used.   7316.7 avail Mem 

    PID USER      PR  NI    VIRT    RES    SHR S  %CPU  %MEM     TIME+ COMMAND
    783 agent     30  10   23104  16788   8456 S   0.0   0.2   0:00.35 agent-leak-app-

top - 01:19:09 up  4:27,  0 users,  load average: 0.02, 0.01, 0.00
Tasks:   1 total,   0 running,   1 sleeping,   0 stopped,   0 zombie
%Cpu(s):  0.0 us,  0.0 sy,  0.0 ni,100.0 id,  0.0 wa,  0.0 hi,  0.0 si,  0.0 st
MiB Mem :   7934.4 total,   6694.3 free,    443.9 used,    796.2 buff/cache
MiB Swap:   1024.0 total,   1024.0 free,      0.0 used.   7316.7 avail Mem 

    PID USER      PR  NI    VIRT    RES    SHR S  %CPU  %MEM     TIME+ COMMAND
    783 agent     30  10   23104  16788   8456 S   0.0   0.2   0:00.35 agent-leak-app-

top - 01:19:10 up  4:27,  0 users,  load average: 0.02, 0.01, 0.00
Tasks:   1 total,   0 running,   1 sleeping,   0 stopped,   0 zombie
%Cpu(s):  3.7 us,  2.5 sy,  0.0 ni, 93.3 id,  0.0 wa,  0.0 hi,  0.6 si,  0.0 st
MiB Mem :   7934.4 total,   6692.4 free,    445.7 used,    796.2 buff/cache
MiB Swap:   1024.0 total,   1024.0 free,      0.0 used.   7314.9 avail Mem 

    PID USER      PR  NI    VIRT    RES    SHR S  %CPU  %MEM     TIME+ COMMAND
    783 agent     30  10   23104  16788   8456 S   0.0   0.2   0:00.35 agent-leak-app-

top - 01:19:10 up  4:27,  0 users,  load average: 0.02, 0.01, 0.00
Tasks:   1 total,   0 running,   1 sleeping,   0 stopped,   0 zombie
%Cpu(s):  0.0 us,  0.0 sy,  0.0 ni,100.0 id,  0.0 wa,  0.0 hi,  0.0 si,  0.0 st
MiB Mem :   7934.4 total,   6692.4 free,    445.7 used,    796.2 buff/cache
MiB Swap:   1024.0 total,   1024.0 free,      0.0 used.   7314.9 avail Mem 

    PID USER      PR  NI    VIRT    RES    SHR S  %CPU  %MEM     TIME+ COMMAND
    783 agent     30  10   23104  16788   8456 S   0.0   0.2   0:00.35 agent-leak-app-

top - 01:19:10 up  4:27,  0 users,  load average: 0.02, 0.01, 0.00
Tasks:   1 total,   0 running,   1 sleeping,   0 stopped,   0 zombie
%Cpu(s):  0.0 us,  0.0 sy,  0.0 ni,100.0 id,  0.0 wa,  0.0 hi,  0.0 si,  0.0 st
MiB Mem :   7934.4 total,   6692.4 free,    445.7 used,    796.2 buff/cache
MiB Swap:   1024.0 total,   1024.0 free,      0.0 used.   7314.9 avail Mem 

    PID USER      PR  NI    VIRT    RES    SHR S  %CPU  %MEM     TIME+ COMMAND
    783 agent     30  10   23104  16788   8456 S   0.0   0.2   0:00.35 agent-leak-app-

top - 01:19:10 up  4:27,  0 users,  load average: 0.02, 0.01, 0.00
Tasks:   1 total,   0 running,   1 sleeping,   0 stopped,   0 zombie
%Cpu(s):  0.0 us,  0.0 sy,  0.0 ni,100.0 id,  0.0 wa,  0.0 hi,  0.0 si,  0.0 st
MiB Mem :   7934.4 total,   6692.4 free,    445.7 used,    796.2 buff/cache
MiB Swap:   1024.0 total,   1024.0 free,      0.0 used.   7314.9 avail Mem 

    PID USER      PR  NI    VIRT    RES    SHR S  %CPU  %MEM     TIME+ COMMAND
    783 agent     30  10   23104  16788   8456 S   0.0   0.2   0:00.35 agent-leak-app-

top - 01:19:10 up  4:27,  0 users,  load average: 0.02, 0.01, 0.00
Tasks:   1 total,   0 running,   1 sleeping,   0 stopped,   0 zombie
%Cpu(s):  0.0 us,  0.0 sy,  0.0 ni,100.0 id,  0.0 wa,  0.0 hi,  0.0 si,  0.0 st
MiB Mem :   7934.4 total,   6692.4 free,    445.7 used,    796.2 buff/cache
MiB Swap:   1024.0 total,   1024.0 free,      0.0 used.   7314.9 avail Mem 

    PID USER      PR  NI    VIRT    RES    SHR S  %CPU  %MEM     TIME+ COMMAND
    783 agent     30  10   23104  16788   8456 S   0.0   0.2   0:00.35 agent-leak-app-

top - 01:19:11 up  4:27,  0 users,  load average: 0.02, 0.01, 0.00
Tasks:   1 total,   0 running,   1 sleeping,   0 stopped,   0 zombie
%Cpu(s):  0.0 us,  0.0 sy,  0.0 ni,100.0 id,  0.0 wa,  0.0 hi,  0.0 si,  0.0 st
MiB Mem :   7934.4 total,   6692.4 free,    445.7 used,    796.2 buff/cache
MiB Swap:   1024.0 total,   1024.0 free,      0.0 used.   7314.9 avail Mem 

    PID USER      PR  NI    VIRT    RES    SHR S  %CPU  %MEM     TIME+ COMMAND
    783 agent     30  10   23104  16788   8456 S   0.0   0.2   0:00.35 agent-leak-app-

top - 01:19:11 up  4:27,  0 users,  load average: 0.02, 0.01, 0.00
Tasks:   1 total,   0 running,   1 sleeping,   0 stopped,   0 zombie
%Cpu(s):  0.0 us,  0.0 sy,  0.0 ni,100.0 id,  0.0 wa,  0.0 hi,  0.0 si,  0.0 st
MiB Mem :   7934.4 total,   6692.4 free,    445.7 used,    796.2 buff/cache
MiB Swap:   1024.0 total,   1024.0 free,      0.0 used.   7314.9 avail Mem 

    PID USER      PR  NI    VIRT    RES    SHR S  %CPU  %MEM     TIME+ COMMAND
    783 agent     30  10   23104  16788   8456 S   0.0   0.2   0:00.35 agent-leak-app-

top - 01:19:11 up  4:27,  0 users,  load average: 0.02, 0.01, 0.00
Tasks:   1 total,   0 running,   1 sleeping,   0 stopped,   0 zombie
%Cpu(s):  3.1 us,  1.2 sy,  0.0 ni, 94.4 id,  0.0 wa,  0.0 hi,  1.2 si,  0.0 st
MiB Mem :   7934.4 total,   6692.4 free,    445.7 used,    796.2 buff/cache
MiB Swap:   1024.0 total,   1024.0 free,      0.0 used.   7314.9 avail Mem 

    PID USER      PR  NI    VIRT    RES    SHR S  %CPU  %MEM     TIME+ COMMAND
    783 agent     30  10   23104  16788   8456 S   0.0   0.2   0:00.35 agent-leak-app-

top - 01:19:11 up  4:27,  0 users,  load average: 0.02, 0.01, 0.00
Tasks:   1 total,   0 running,   1 sleeping,   0 stopped,   0 zombie
%Cpu(s):  0.0 us,  0.0 sy,  0.0 ni,100.0 id,  0.0 wa,  0.0 hi,  0.0 si,  0.0 st
MiB Mem :   7934.4 total,   6692.4 free,    445.7 used,    796.2 buff/cache
MiB Swap:   1024.0 total,   1024.0 free,      0.0 used.   7314.9 avail Mem 

    PID USER      PR  NI    VIRT    RES    SHR S  %CPU  %MEM     TIME+ COMMAND
    783 agent     30  10   23104  16788   8456 S   0.0   0.2   0:00.35 agent-leak-app-

top - 01:19:11 up  4:27,  0 users,  load average: 0.02, 0.01, 0.00
Tasks:   1 total,   0 running,   1 sleeping,   0 stopped,   0 zombie
%Cpu(s):  0.0 us,  0.0 sy,  0.0 ni,100.0 id,  0.0 wa,  0.0 hi,  0.0 si,  0.0 st
MiB Mem :   7934.4 total,   6692.4 free,    445.7 used,    796.2 buff/cache
MiB Swap:   1024.0 total,   1024.0 free,      0.0 used.   7314.9 avail Mem 

    PID USER      PR  NI    VIRT    RES    SHR S  %CPU  %MEM     TIME+ COMMAND
    783 agent     30  10   23104  16788   8456 S   0.0   0.2   0:00.35 agent-leak-app-

top - 01:19:12 up  4:27,  0 users,  load average: 0.02, 0.01, 0.00
Tasks:   1 total,   1 running,   0 sleeping,   0 stopped,   0 zombie
%Cpu(s):  0.0 us,  0.0 sy,  1.9 ni, 98.1 id,  0.0 wa,  0.0 hi,  0.0 si,  0.0 st
MiB Mem :   7934.4 total,   6692.4 free,    445.7 used,    796.2 buff/cache
MiB Swap:   1024.0 total,   1024.0 free,      0.0 used.   7314.9 avail Mem 

    PID USER      PR  NI    VIRT    RES    SHR S  %CPU  %MEM     TIME+ COMMAND
    783 agent     30  10   23104  16788   8456 R  15.0   0.2   0:00.38 agent-leak-app-

top - 01:19:12 up  4:27,  0 users,  load average: 0.02, 0.01, 0.00
Tasks:   0 total,   0 running,   0 sleeping,   0 stopped,   0 zombie
%Cpu(s):  0.0 us,  0.6 sy,  1.8 ni, 97.6 id,  0.0 wa,  0.0 hi,  0.0 si,  0.0 st
MiB Mem :   7934.4 total,   6692.4 free,    445.7 used,    796.2 buff/cache
MiB Swap:   1024.0 total,   1024.0 free,      0.0 used.   7314.9 avail Mem 

    PID USER      PR  NI    VIRT    RES    SHR S  %CPU  %MEM     TIME+ COMMAND

top - 01:19:12 up  4:27,  0 users,  load average: 0.02, 0.01, 0.00
Tasks:   0 total,   0 running,   0 sleeping,   0 stopped,   0 zombie
%Cpu(s):  0.6 us,  0.6 sy,  0.0 ni, 98.8 id,  0.0 wa,  0.0 hi,  0.0 si,  0.0 st
MiB Mem :   7934.4 total,   6692.4 free,    445.7 used,    796.2 buff/cache
MiB Swap:   1024.0 total,   1024.0 free,      0.0 used.   7314.9 avail Mem 

    PID USER      PR  NI    VIRT    RES    SHR S  %CPU  %MEM     TIME+ COMMAND

top - 01:19:12 up  4:27,  0 users,  load average: 0.02, 0.01, 0.00
Tasks:   0 total,   0 running,   0 sleeping,   0 stopped,   0 zombie
%Cpu(s):  0.0 us,  0.0 sy,  0.0 ni,100.0 id,  0.0 wa,  0.0 hi,  0.0 si,  0.0 st
MiB Mem :   7934.4 total,   6692.4 free,    445.7 used,    796.2 buff/cache
MiB Swap:   1024.0 total,   1024.0 free,      0.0 used.   7314.9 avail Mem 

    PID USER      PR  NI    VIRT    RES    SHR S  %CPU  %MEM     TIME+ COMMAND

top - 01:19:12 up  4:27,  0 users,  load average: 0.02, 0.01, 0.00
Tasks:   0 total,   0 running,   0 sleeping,   0 stopped,   0 zombie
%Cpu(s):  0.0 us,  0.0 sy,  0.0 ni,100.0 id,  0.0 wa,  0.0 hi,  0.0 si,  0.0 st
MiB Mem :   7934.4 total,   6692.4 free,    445.7 used,    796.2 buff/cache
MiB Swap:   1024.0 total,   1024.0 free,      0.0 used.   7314.9 avail Mem 

    PID USER      PR  NI    VIRT    RES    SHR S  %CPU  %MEM     TIME+ COMMAND

top - 01:19:13 up  4:27,  0 users,  load average: 0.02, 0.01, 0.00
Tasks:   0 total,   0 running,   0 sleeping,   0 stopped,   0 zombie
%Cpu(s):  0.6 us,  0.0 sy,  0.0 ni, 99.4 id,  0.0 wa,  0.0 hi,  0.0 si,  0.0 st
MiB Mem :   7934.4 total,   6713.3 free,    437.7 used,    783.3 buff/cache
MiB Swap:   1024.0 total,   1024.0 free,      0.0 used.   7322.9 avail Mem 

    PID USER      PR  NI    VIRT    RES    SHR S  %CPU  %MEM     TIME+ COMMAND

top - 01:19:13 up  4:27,  0 users,  load average: 0.02, 0.01, 0.00
Tasks:   0 total,   0 running,   0 sleeping,   0 stopped,   0 zombie
%Cpu(s):  0.0 us,  0.0 sy,  0.0 ni,100.0 id,  0.0 wa,  0.0 hi,  0.0 si,  0.0 st
MiB Mem :   7934.4 total,   6713.3 free,    437.7 used,    783.3 buff/cache
MiB Swap:   1024.0 total,   1024.0 free,      0.0 used.   7322.9 avail Mem 

    PID USER      PR  NI    VIRT    RES    SHR S  %CPU  %MEM     TIME+ COMMAND

top - 01:19:13 up  4:27,  0 users,  load average: 0.02, 0.01, 0.00
Tasks:   0 total,   0 running,   0 sleeping,   0 stopped,   0 zombie
%Cpu(s):  0.0 us,  0.6 sy,  0.0 ni, 98.8 id,  0.0 wa,  0.0 hi,  0.6 si,  0.0 st
MiB Mem :   7934.4 total,   6713.3 free,    437.7 used,    783.3 buff/cache
MiB Swap:   1024.0 total,   1024.0 free,      0.0 used.   7322.9 avail Mem 

    PID USER      PR  NI    VIRT    RES    SHR S  %CPU  %MEM     TIME+ COMMAND

top - 01:19:13 up  4:27,  0 users,  load average: 0.02, 0.01, 0.00
Tasks:   0 total,   0 running,   0 sleeping,   0 stopped,   0 zombie
%Cpu(s):  0.0 us,  0.0 sy,  0.0 ni,100.0 id,  0.0 wa,  0.0 hi,  0.0 si,  0.0 st
MiB Mem :   7934.4 total,   6713.3 free,    437.7 used,    783.3 buff/cache
MiB Swap:   1024.0 total,   1024.0 free,      0.0 used.   7322.9 avail Mem 

    PID USER      PR  NI    VIRT    RES    SHR S  %CPU  %MEM     TIME+ COMMAND

top - 01:19:13 up  4:27,  0 users,  load average: 0.02, 0.01, 0.00
Tasks:   0 total,   0 running,   0 sleeping,   0 stopped,   0 zombie
%Cpu(s):  0.0 us,  0.6 sy,  0.0 ni, 99.4 id,  0.0 wa,  0.0 hi,  0.0 si,  0.0 st
MiB Mem :   7934.4 total,   6713.3 free,    437.7 used,    783.3 buff/cache
MiB Swap:   1024.0 total,   1024.0 free,      0.0 used.   7322.9 avail Mem 

    PID USER      PR  NI    VIRT    RES    SHR S  %CPU  %MEM     TIME+ COMMAND

top - 01:19:14 up  4:27,  0 users,  load average: 0.02, 0.01, 0.00
Tasks:   0 total,   0 running,   0 sleeping,   0 stopped,   0 zombie
%Cpu(s):  0.0 us,  0.0 sy,  0.0 ni,100.0 id,  0.0 wa,  0.0 hi,  0.0 si,  0.0 st
MiB Mem :   7934.4 total,   6713.3 free,    437.7 used,    783.3 buff/cache
MiB Swap:   1024.0 total,   1024.0 free,      0.0 used.   7322.9 avail Mem 

    PID USER      PR  NI    VIRT    RES    SHR S  %CPU  %MEM     TIME+ COMMAND

top - 01:19:14 up  4:27,  0 users,  load average: 0.02, 0.01, 0.00
Tasks:   0 total,   0 running,   0 sleeping,   0 stopped,   0 zombie
%Cpu(s):  0.0 us,  0.0 sy,  0.0 ni,100.0 id,  0.0 wa,  0.0 hi,  0.0 si,  0.0 st
MiB Mem :   7934.4 total,   6713.3 free,    437.7 used,    783.3 buff/cache
MiB Swap:   1024.0 total,   1024.0 free,      0.0 used.   7322.9 avail Mem 

    PID USER      PR  NI    VIRT    RES    SHR S  %CPU  %MEM     TIME+ COMMAND

top - 01:19:14 up  4:27,  0 users,  load average: 0.02, 0.01, 0.00
Tasks:   0 total,   0 running,   0 sleeping,   0 stopped,   0 zombie
%Cpu(s):  0.0 us,  0.0 sy,  0.0 ni,100.0 id,  0.0 wa,  0.0 hi,  0.0 si,  0.0 st
MiB Mem :   7934.4 total,   6713.3 free,    437.7 used,    783.3 buff/cache
MiB Swap:   1024.0 total,   1024.0 free,      0.0 used.   7322.9 avail Mem 

    PID USER      PR  NI    VIRT    RES    SHR S  %CPU  %MEM     TIME+ COMMAND

top - 01:19:14 up  4:27,  0 users,  load average: 0.02, 0.01, 0.00
Tasks:   0 total,   0 running,   0 sleeping,   0 stopped,   0 zombie
%Cpu(s):  0.0 us,  0.0 sy,  0.0 ni,100.0 id,  0.0 wa,  0.0 hi,  0.0 si,  0.0 st
MiB Mem :   7934.4 total,   6713.3 free,    437.7 used,    783.3 buff/cache
MiB Swap:   1024.0 total,   1024.0 free,      0.0 used.   7322.9 avail Mem 

    PID USER      PR  NI    VIRT    RES    SHR S  %CPU  %MEM     TIME+ COMMAND

top - 01:19:14 up  4:27,  0 users,  load average: 0.02, 0.01, 0.00
Tasks:   0 total,   0 running,   0 sleeping,   0 stopped,   0 zombie
%Cpu(s):  0.0 us,  0.0 sy,  0.0 ni, 99.4 id,  0.6 wa,  0.0 hi,  0.0 si,  0.0 st
MiB Mem :   7934.4 total,   6713.3 free,    437.7 used,    783.3 buff/cache
MiB Swap:   1024.0 total,   1024.0 free,      0.0 used.   7322.9 avail Mem 

    PID USER      PR  NI    VIRT    RES    SHR S  %CPU  %MEM     TIME+ COMMAND

top - 01:19:15 up  4:27,  0 users,  load average: 0.02, 0.01, 0.00
Tasks:   0 total,   0 running,   0 sleeping,   0 stopped,   0 zombie
%Cpu(s):  0.0 us,  0.0 sy,  0.0 ni,100.0 id,  0.0 wa,  0.0 hi,  0.0 si,  0.0 st
MiB Mem :   7934.4 total,   6713.3 free,    437.7 used,    783.3 buff/cache
MiB Swap:   1024.0 total,   1024.0 free,      0.0 used.   7322.9 avail Mem 

    PID USER      PR  NI    VIRT    RES    SHR S  %CPU  %MEM     TIME+ COMMAND
