top - 01:49:40 up  4:41,  0 users,  load average: 0.00, 0.00, 0.00
Tasks:   1 total,   0 running,   1 sleeping,   0 stopped,   0 zombie
%Cpu(s):  0.0 us,  0.8 sy,  0.0 ni, 99.2 id,  0.0 wa,  0.0 hi,  0.0 si,  0.0 st
MiB Mem :   7934.4 total,   6702.3 free,    434.8 used,    797.2 buff/cache
MiB Swap:   1024.0 total,   1024.0 free,      0.0 used.   7325.8 avail Mem 

    PID USER      PR  NI    VIRT    RES    SHR S  %CPU  %MEM     TIME+ COMMAND
    802 agent     30  10   22080  16724   8456 S   0.0   0.2   0:00.03 agent-leak-app-

top - 01:49:40 up  4:41,  0 users,  load average: 0.00, 0.00, 0.00
Tasks:   1 total,   0 running,   1 sleeping,   0 stopped,   0 zombie
%Cpu(s):  0.0 us,  0.0 sy,  0.0 ni,100.0 id,  0.0 wa,  0.0 hi,  0.0 si,  0.0 st
MiB Mem :   7934.4 total,   6702.3 free,    434.8 used,    797.2 buff/cache
MiB Swap:   1024.0 total,   1024.0 free,      0.0 used.   7325.8 avail Mem 

    PID USER      PR  NI    VIRT    RES    SHR S  %CPU  %MEM     TIME+ COMMAND
    802 agent     30  10   22080  16724   8456 S   5.0   0.2   0:00.04 agent-leak-app-

top - 01:49:40 up  4:41,  0 users,  load average: 0.00, 0.00, 0.00
Tasks:   1 total,   0 running,   1 sleeping,   0 stopped,   0 zombie
%Cpu(s):  0.0 us,  0.0 sy,  0.0 ni,100.0 id,  0.0 wa,  0.0 hi,  0.0 si,  0.0 st
MiB Mem :   7934.4 total,   6702.3 free,    434.8 used,    797.2 buff/cache
MiB Swap:   1024.0 total,   1024.0 free,      0.0 used.   7325.8 avail Mem 

    PID USER      PR  NI    VIRT    RES    SHR S  %CPU  %MEM     TIME+ COMMAND
    802 agent     30  10   22080  16724   8456 S   0.0   0.2   0:00.04 agent-leak-app-

top - 01:49:40 up  4:41,  0 users,  load average: 0.00, 0.00, 0.00
Tasks:   1 total,   0 running,   1 sleeping,   0 stopped,   0 zombie
%Cpu(s):  1.2 us,  0.6 sy,  0.0 ni, 98.1 id,  0.0 wa,  0.0 hi,  0.0 si,  0.0 st
MiB Mem :   7934.4 total,   6702.3 free,    434.8 used,    797.2 buff/cache
MiB Swap:   1024.0 total,   1024.0 free,      0.0 used.   7325.8 avail Mem 

    PID USER      PR  NI    VIRT    RES    SHR S  %CPU  %MEM     TIME+ COMMAND
    802 agent     30  10   22080  16724   8456 S   0.0   0.2   0:00.04 agent-leak-app-

top - 01:49:40 up  4:41,  0 users,  load average: 0.00, 0.00, 0.00
Tasks:   1 total,   1 running,   0 sleeping,   0 stopped,   0 zombie
%Cpu(s):  0.0 us,  0.0 sy,  0.0 ni,100.0 id,  0.0 wa,  0.0 hi,  0.0 si,  0.0 st
MiB Mem :   7934.4 total,   6702.3 free,    434.8 used,    797.2 buff/cache
MiB Swap:   1024.0 total,   1024.0 free,      0.0 used.   7325.8 avail Mem 

    PID USER      PR  NI    VIRT    RES    SHR S  %CPU  %MEM     TIME+ COMMAND
    802 agent     30  10   22080  16724   8456 R   0.0   0.2   0:00.04 agent-leak-app-

top - 01:49:41 up  4:41,  0 users,  load average: 0.00, 0.00, 0.00
Tasks:   1 total,   0 running,   1 sleeping,   0 stopped,   0 zombie
%Cpu(s):  0.0 us,  1.2 sy,  1.2 ni, 97.6 id,  0.0 wa,  0.0 hi,  0.0 si,  0.0 st
MiB Mem :   7934.4 total,   6702.3 free,    434.8 used,    797.2 buff/cache
MiB Swap:   1024.0 total,   1024.0 free,      0.0 used.   7325.8 avail Mem 

    PID USER      PR  NI    VIRT    RES    SHR S  %CPU  %MEM     TIME+ COMMAND
    802 agent     30  10  196292  42596   8508 S  19.0   0.5   0:00.08 agent-leak-app-

top - 01:49:41 up  4:41,  0 users,  load average: 0.00, 0.00, 0.00
Tasks:   1 total,   0 running,   1 sleeping,   0 stopped,   0 zombie
%Cpu(s):  0.0 us,  0.0 sy,  0.0 ni,100.0 id,  0.0 wa,  0.0 hi,  0.0 si,  0.0 st
MiB Mem :   7934.4 total,   6702.3 free,    434.8 used,    797.2 buff/cache
MiB Swap:   1024.0 total,   1024.0 free,      0.0 used.   7325.8 avail Mem 

    PID USER      PR  NI    VIRT    RES    SHR S  %CPU  %MEM     TIME+ COMMAND
    802 agent     30  10  196292  42596   8508 S   0.0   0.5   0:00.08 agent-leak-app-

top - 01:49:41 up  4:41,  0 users,  load average: 0.00, 0.00, 0.00
Tasks:   1 total,   0 running,   1 sleeping,   0 stopped,   0 zombie
%Cpu(s):  0.0 us,  0.0 sy,  0.0 ni,100.0 id,  0.0 wa,  0.0 hi,  0.0 si,  0.0 st
MiB Mem :   7934.4 total,   6702.3 free,    434.8 used,    797.2 buff/cache
MiB Swap:   1024.0 total,   1024.0 free,      0.0 used.   7325.8 avail Mem 

    PID USER      PR  NI    VIRT    RES    SHR S  %CPU  %MEM     TIME+ COMMAND
    802 agent     30  10  196292  42596   8508 S   0.0   0.5   0:00.08 agent-leak-app-

top - 01:49:41 up  4:41,  0 users,  load average: 0.00, 0.00, 0.00
Tasks:   1 total,   0 running,   1 sleeping,   0 stopped,   0 zombie
%Cpu(s):  0.0 us,  0.0 sy,  0.0 ni, 99.4 id,  0.0 wa,  0.0 hi,  0.6 si,  0.0 st
MiB Mem :   7934.4 total,   6702.3 free,    434.8 used,    797.2 buff/cache
MiB Swap:   1024.0 total,   1024.0 free,      0.0 used.   7325.8 avail Mem 

    PID USER      PR  NI    VIRT    RES    SHR S  %CPU  %MEM     TIME+ COMMAND
    802 agent     30  10  196292  42596   8508 S   0.0   0.5   0:00.08 agent-leak-app-

top - 01:49:41 up  4:41,  0 users,  load average: 0.00, 0.00, 0.00
Tasks:   1 total,   0 running,   1 sleeping,   0 stopped,   0 zombie
%Cpu(s):  0.0 us,  0.0 sy,  0.0 ni,100.0 id,  0.0 wa,  0.0 hi,  0.0 si,  0.0 st
MiB Mem :   7934.4 total,   6702.3 free,    434.8 used,    797.2 buff/cache
MiB Swap:   1024.0 total,   1024.0 free,      0.0 used.   7325.8 avail Mem 

    PID USER      PR  NI    VIRT    RES    SHR S  %CPU  %MEM     TIME+ COMMAND
    802 agent     30  10  196292  42596   8508 S   0.0   0.5   0:00.08 agent-leak-app-

top - 01:49:42 up  4:41,  0 users,  load average: 0.00, 0.00, 0.00
Tasks:   1 total,   0 running,   1 sleeping,   0 stopped,   0 zombie
%Cpu(s):  0.6 us,  0.0 sy,  0.0 ni, 99.4 id,  0.0 wa,  0.0 hi,  0.0 si,  0.0 st
MiB Mem :   7934.4 total,   6702.3 free,    434.8 used,    797.2 buff/cache
MiB Swap:   1024.0 total,   1024.0 free,      0.0 used.   7325.8 avail Mem 

    PID USER      PR  NI    VIRT    RES    SHR S  %CPU  %MEM     TIME+ COMMAND
    802 agent     30  10  196292  42596   8508 S   0.0   0.5   0:00.08 agent-leak-app-

top - 01:49:42 up  4:41,  0 users,  load average: 0.00, 0.00, 0.00
Tasks:   1 total,   0 running,   1 sleeping,   0 stopped,   0 zombie
%Cpu(s):  0.0 us,  0.0 sy,  0.0 ni,100.0 id,  0.0 wa,  0.0 hi,  0.0 si,  0.0 st
MiB Mem :   7934.4 total,   6702.3 free,    434.8 used,    797.2 buff/cache
MiB Swap:   1024.0 total,   1024.0 free,      0.0 used.   7325.8 avail Mem 

    PID USER      PR  NI    VIRT    RES    SHR S  %CPU  %MEM     TIME+ COMMAND
    802 agent     30  10  196292  42596   8508 S   0.0   0.5   0:00.08 agent-leak-app-

top - 01:49:42 up  4:41,  0 users,  load average: 0.00, 0.00, 0.00
Tasks:   1 total,   0 running,   1 sleeping,   0 stopped,   0 zombie
%Cpu(s):  0.0 us,  0.0 sy,  0.0 ni,100.0 id,  0.0 wa,  0.0 hi,  0.0 si,  0.0 st
MiB Mem :   7934.4 total,   6702.3 free,    434.8 used,    797.2 buff/cache
MiB Swap:   1024.0 total,   1024.0 free,      0.0 used.   7325.8 avail Mem 

    PID USER      PR  NI    VIRT    RES    SHR S  %CPU  %MEM     TIME+ COMMAND
    802 agent     30  10  196292  42596   8508 S   0.0   0.5   0:00.08 agent-leak-app-

top - 01:49:42 up  4:41,  0 users,  load average: 0.00, 0.00, 0.00
Tasks:   1 total,   0 running,   1 sleeping,   0 stopped,   0 zombie
%Cpu(s):  0.0 us,  0.0 sy,  0.0 ni,100.0 id,  0.0 wa,  0.0 hi,  0.0 si,  0.0 st
MiB Mem :   7934.4 total,   6702.3 free,    434.8 used,    797.2 buff/cache
MiB Swap:   1024.0 total,   1024.0 free,      0.0 used.   7325.8 avail Mem 

    PID USER      PR  NI    VIRT    RES    SHR S  %CPU  %MEM     TIME+ COMMAND
    802 agent     30  10  196292  42596   8508 S   0.0   0.5   0:00.08 agent-leak-app-

top - 01:49:42 up  4:41,  0 users,  load average: 0.00, 0.00, 0.00
Tasks:   1 total,   0 running,   1 sleeping,   0 stopped,   0 zombie
%Cpu(s):  0.0 us,  0.6 sy,  0.0 ni, 99.4 id,  0.0 wa,  0.0 hi,  0.0 si,  0.0 st
MiB Mem :   7934.4 total,   6702.3 free,    434.8 used,    797.2 buff/cache
MiB Swap:   1024.0 total,   1024.0 free,      0.0 used.   7325.8 avail Mem 

    PID USER      PR  NI    VIRT    RES    SHR S  %CPU  %MEM     TIME+ COMMAND
    802 agent     30  10  196292  42596   8508 S   0.0   0.5   0:00.08 agent-leak-app-

top - 01:49:43 up  4:41,  0 users,  load average: 0.00, 0.00, 0.00
Tasks:   1 total,   0 running,   1 sleeping,   0 stopped,   0 zombie
%Cpu(s):  1.9 us,  0.6 sy,  0.0 ni, 97.5 id,  0.0 wa,  0.0 hi,  0.0 si,  0.0 st
MiB Mem :   7934.4 total,   6677.9 free,    459.2 used,    797.3 buff/cache
MiB Swap:   1024.0 total,   1024.0 free,      0.0 used.   7301.4 avail Mem 

    PID USER      PR  NI    VIRT    RES    SHR S  %CPU  %MEM     TIME+ COMMAND
    802 agent     30  10  196292  42596   8508 S   0.0   0.5   0:00.08 agent-leak-app-

top - 01:49:43 up  4:41,  0 users,  load average: 0.00, 0.00, 0.00
Tasks:   1 total,   0 running,   1 sleeping,   0 stopped,   0 zombie
%Cpu(s):  0.6 us,  0.0 sy,  0.0 ni, 99.4 id,  0.0 wa,  0.0 hi,  0.0 si,  0.0 st
MiB Mem :   7934.4 total,   6677.9 free,    459.2 used,    797.3 buff/cache
MiB Swap:   1024.0 total,   1024.0 free,      0.0 used.   7301.4 avail Mem 

    PID USER      PR  NI    VIRT    RES    SHR S  %CPU  %MEM     TIME+ COMMAND
    802 agent     30  10  196292  42596   8508 S   0.0   0.5   0:00.08 agent-leak-app-

top - 01:49:43 up  4:41,  0 users,  load average: 0.00, 0.00, 0.00
Tasks:   1 total,   0 running,   1 sleeping,   0 stopped,   0 zombie
%Cpu(s):  0.0 us,  0.0 sy,  0.0 ni,100.0 id,  0.0 wa,  0.0 hi,  0.0 si,  0.0 st
MiB Mem :   7934.4 total,   6677.9 free,    459.2 used,    797.3 buff/cache
MiB Swap:   1024.0 total,   1024.0 free,      0.0 used.   7301.4 avail Mem 

    PID USER      PR  NI    VIRT    RES    SHR S  %CPU  %MEM     TIME+ COMMAND
    802 agent     30  10  196292  42596   8508 S   0.0   0.5   0:00.08 agent-leak-app-

top - 01:49:43 up  4:41,  0 users,  load average: 0.00, 0.00, 0.00
Tasks:   1 total,   0 running,   1 sleeping,   0 stopped,   0 zombie
%Cpu(s):  0.0 us,  0.0 sy,  0.0 ni,100.0 id,  0.0 wa,  0.0 hi,  0.0 si,  0.0 st
MiB Mem :   7934.4 total,   6677.9 free,    459.2 used,    797.3 buff/cache
MiB Swap:   1024.0 total,   1024.0 free,      0.0 used.   7301.4 avail Mem 

    PID USER      PR  NI    VIRT    RES    SHR S  %CPU  %MEM     TIME+ COMMAND
    802 agent     30  10  196292  42596   8508 S   0.0   0.5   0:00.08 agent-leak-app-

top - 01:49:44 up  4:41,  0 users,  load average: 0.00, 0.00, 0.00
Tasks:   1 total,   0 running,   1 sleeping,   0 stopped,   0 zombie
%Cpu(s):  0.0 us,  1.2 sy,  0.0 ni, 98.8 id,  0.0 wa,  0.0 hi,  0.0 si,  0.0 st
MiB Mem :   7934.4 total,   6677.9 free,    459.2 used,    797.3 buff/cache
MiB Swap:   1024.0 total,   1024.0 free,      0.0 used.   7301.4 avail Mem 

    PID USER      PR  NI    VIRT    RES    SHR S  %CPU  %MEM     TIME+ COMMAND
    802 agent     30  10  221896  52912   8508 S   9.5   0.7   0:00.10 agent-leak-app-

top - 01:49:44 up  4:41,  0 users,  load average: 0.00, 0.00, 0.00
Tasks:   1 total,   0 running,   1 sleeping,   0 stopped,   0 zombie
%Cpu(s):  0.0 us,  3.0 sy,  0.6 ni, 96.3 id,  0.0 wa,  0.0 hi,  0.0 si,  0.0 st
MiB Mem :   7934.4 total,   6677.9 free,    459.2 used,    797.3 buff/cache
MiB Swap:   1024.0 total,   1024.0 free,      0.0 used.   7301.4 avail Mem 

    PID USER      PR  NI    VIRT    RES    SHR S  %CPU  %MEM     TIME+ COMMAND
    802 agent     30  10  221896  68200   8508 S  35.0   0.8   0:00.17 agent-leak-app-

top - 01:49:44 up  4:41,  0 users,  load average: 0.00, 0.00, 0.00
Tasks:   1 total,   0 running,   1 sleeping,   0 stopped,   0 zombie
%Cpu(s):  0.0 us,  0.6 sy,  0.0 ni, 99.4 id,  0.0 wa,  0.0 hi,  0.0 si,  0.0 st
MiB Mem :   7934.4 total,   6677.9 free,    459.2 used,    797.3 buff/cache
MiB Swap:   1024.0 total,   1024.0 free,      0.0 used.   7301.4 avail Mem 

    PID USER      PR  NI    VIRT    RES    SHR S  %CPU  %MEM     TIME+ COMMAND
    802 agent     30  10  221896  68200   8508 S   0.0   0.8   0:00.17 agent-leak-app-

top - 01:49:44 up  4:41,  0 users,  load average: 0.00, 0.00, 0.00
Tasks:   1 total,   0 running,   1 sleeping,   0 stopped,   0 zombie
%Cpu(s):  0.0 us,  0.0 sy,  0.0 ni, 99.4 id,  0.0 wa,  0.0 hi,  0.6 si,  0.0 st
MiB Mem :   7934.4 total,   6677.9 free,    459.2 used,    797.3 buff/cache
MiB Swap:   1024.0 total,   1024.0 free,      0.0 used.   7301.4 avail Mem 

    PID USER      PR  NI    VIRT    RES    SHR S  %CPU  %MEM     TIME+ COMMAND
    802 agent     30  10  221896  68200   8508 S   0.0   0.8   0:00.17 agent-leak-app-

top - 01:49:44 up  4:41,  0 users,  load average: 0.00, 0.00, 0.00
Tasks:   1 total,   0 running,   1 sleeping,   0 stopped,   0 zombie
%Cpu(s):  0.0 us,  0.0 sy,  0.0 ni,100.0 id,  0.0 wa,  0.0 hi,  0.0 si,  0.0 st
MiB Mem :   7934.4 total,   6677.9 free,    459.2 used,    797.3 buff/cache
MiB Swap:   1024.0 total,   1024.0 free,      0.0 used.   7301.4 avail Mem 

    PID USER      PR  NI    VIRT    RES    SHR S  %CPU  %MEM     TIME+ COMMAND
    802 agent     30  10  221896  68200   8508 S   0.0   0.8   0:00.17 agent-leak-app-

top - 01:49:45 up  4:41,  0 users,  load average: 0.00, 0.00, 0.00
Tasks:   1 total,   0 running,   1 sleeping,   0 stopped,   0 zombie
%Cpu(s):  0.0 us,  0.0 sy,  0.0 ni,100.0 id,  0.0 wa,  0.0 hi,  0.0 si,  0.0 st
MiB Mem :   7934.4 total,   6677.9 free,    459.2 used,    797.3 buff/cache
MiB Swap:   1024.0 total,   1024.0 free,      0.0 used.   7301.4 avail Mem 

    PID USER      PR  NI    VIRT    RES    SHR S  %CPU  %MEM     TIME+ COMMAND
    802 agent     30  10  221896  68200   8508 S   0.0   0.8   0:00.17 agent-leak-app-

top - 01:49:45 up  4:41,  0 users,  load average: 0.00, 0.00, 0.00
Tasks:   1 total,   0 running,   1 sleeping,   0 stopped,   0 zombie
%Cpu(s):  0.0 us,  0.0 sy,  0.0 ni,100.0 id,  0.0 wa,  0.0 hi,  0.0 si,  0.0 st
MiB Mem :   7934.4 total,   6677.9 free,    459.2 used,    797.3 buff/cache
MiB Swap:   1024.0 total,   1024.0 free,      0.0 used.   7301.4 avail Mem 

    PID USER      PR  NI    VIRT    RES    SHR S  %CPU  %MEM     TIME+ COMMAND
    802 agent     30  10  221896  68200   8508 S   0.0   0.8   0:00.17 agent-leak-app-

top - 01:49:45 up  4:41,  0 users,  load average: 0.00, 0.00, 0.00
Tasks:   1 total,   0 running,   1 sleeping,   0 stopped,   0 zombie
%Cpu(s):  0.0 us,  0.0 sy,  0.0 ni,100.0 id,  0.0 wa,  0.0 hi,  0.0 si,  0.0 st
MiB Mem :   7934.4 total,   6677.9 free,    459.2 used,    797.3 buff/cache
MiB Swap:   1024.0 total,   1024.0 free,      0.0 used.   7301.4 avail Mem 

    PID USER      PR  NI    VIRT    RES    SHR S  %CPU  %MEM     TIME+ COMMAND
    802 agent     30  10  221896  68200   8508 S   0.0   0.8   0:00.17 agent-leak-app-

top - 01:49:45 up  4:41,  0 users,  load average: 0.00, 0.00, 0.00
Tasks:   1 total,   0 running,   1 sleeping,   0 stopped,   0 zombie
%Cpu(s):  3.0 us,  2.4 sy,  0.0 ni, 93.9 id,  0.0 wa,  0.0 hi,  0.6 si,  0.0 st
MiB Mem :   7934.4 total,   6677.9 free,    459.2 used,    797.3 buff/cache
MiB Swap:   1024.0 total,   1024.0 free,      0.0 used.   7301.4 avail Mem 

    PID USER      PR  NI    VIRT    RES    SHR S  %CPU  %MEM     TIME+ COMMAND
    802 agent     30  10  221896  68200   8508 S   0.0   0.8   0:00.17 agent-leak-app-

top - 01:49:45 up  4:41,  0 users,  load average: 0.00, 0.00, 0.00
Tasks:   1 total,   0 running,   1 sleeping,   0 stopped,   0 zombie
%Cpu(s):  0.0 us,  0.0 sy,  0.0 ni,100.0 id,  0.0 wa,  0.0 hi,  0.0 si,  0.0 st
MiB Mem :   7934.4 total,   6677.9 free,    459.2 used,    797.3 buff/cache
MiB Swap:   1024.0 total,   1024.0 free,      0.0 used.   7301.4 avail Mem 

    PID USER      PR  NI    VIRT    RES    SHR S  %CPU  %MEM     TIME+ COMMAND
    802 agent     30  10  221896  68200   8508 S   0.0   0.8   0:00.17 agent-leak-app-

top - 01:49:46 up  4:41,  0 users,  load average: 0.00, 0.00, 0.00
Tasks:   1 total,   0 running,   1 sleeping,   0 stopped,   0 zombie
%Cpu(s):  0.0 us,  0.0 sy,  0.0 ni,100.0 id,  0.0 wa,  0.0 hi,  0.0 si,  0.0 st
MiB Mem :   7934.4 total,   6650.5 free,    486.6 used,    797.3 buff/cache
MiB Swap:   1024.0 total,   1024.0 free,      0.0 used.   7274.0 avail Mem 

    PID USER      PR  NI    VIRT    RES    SHR S  %CPU  %MEM     TIME+ COMMAND
    802 agent     30  10  221896  68200   8508 S   0.0   0.8   0:00.17 agent-leak-app-

top - 01:49:46 up  4:41,  0 users,  load average: 0.00, 0.00, 0.00
Tasks:   1 total,   0 running,   1 sleeping,   0 stopped,   0 zombie
%Cpu(s):  0.0 us,  0.0 sy,  0.0 ni,100.0 id,  0.0 wa,  0.0 hi,  0.0 si,  0.0 st
MiB Mem :   7934.4 total,   6650.5 free,    486.6 used,    797.3 buff/cache
MiB Swap:   1024.0 total,   1024.0 free,      0.0 used.   7274.0 avail Mem 

    PID USER      PR  NI    VIRT    RES    SHR S  %CPU  %MEM     TIME+ COMMAND
    802 agent     30  10  221896  68200   8508 S   0.0   0.8   0:00.17 agent-leak-app-

top - 01:49:46 up  4:41,  0 users,  load average: 0.00, 0.00, 0.00
Tasks:   1 total,   0 running,   1 sleeping,   0 stopped,   0 zombie
%Cpu(s):  0.0 us,  0.0 sy,  0.0 ni,100.0 id,  0.0 wa,  0.0 hi,  0.0 si,  0.0 st
MiB Mem :   7934.4 total,   6650.5 free,    486.6 used,    797.3 buff/cache
MiB Swap:   1024.0 total,   1024.0 free,      0.0 used.   7274.0 avail Mem 

    PID USER      PR  NI    VIRT    RES    SHR S  %CPU  %MEM     TIME+ COMMAND
    802 agent     30  10  221896  68200   8508 S   0.0   0.8   0:00.17 agent-leak-app-

top - 01:49:46 up  4:41,  0 users,  load average: 0.00, 0.00, 0.00
Tasks:   1 total,   0 running,   1 sleeping,   0 stopped,   0 zombie
%Cpu(s):  0.6 us,  0.0 sy,  0.0 ni, 99.4 id,  0.0 wa,  0.0 hi,  0.0 si,  0.0 st
MiB Mem :   7934.4 total,   6650.5 free,    486.6 used,    797.3 buff/cache
MiB Swap:   1024.0 total,   1024.0 free,      0.0 used.   7274.0 avail Mem 

    PID USER      PR  NI    VIRT    RES    SHR S  %CPU  %MEM     TIME+ COMMAND
    802 agent     30  10  221896  68200   8508 S   0.0   0.8   0:00.17 agent-leak-app-

top - 01:49:46 up  4:41,  0 users,  load average: 0.00, 0.00, 0.00
Tasks:   1 total,   0 running,   1 sleeping,   0 stopped,   0 zombie
%Cpu(s):  0.0 us,  0.0 sy,  0.0 ni,100.0 id,  0.0 wa,  0.0 hi,  0.0 si,  0.0 st
MiB Mem :   7934.4 total,   6650.5 free,    486.6 used,    797.3 buff/cache
MiB Swap:   1024.0 total,   1024.0 free,      0.0 used.   7274.0 avail Mem 

    PID USER      PR  NI    VIRT    RES    SHR S  %CPU  %MEM     TIME+ COMMAND
    802 agent     30  10  221896  68200   8508 S   0.0   0.8   0:00.17 agent-leak-app-

top - 01:49:47 up  4:41,  0 users,  load average: 0.00, 0.00, 0.00
Tasks:   1 total,   0 running,   1 sleeping,   0 stopped,   0 zombie
%Cpu(s):  0.0 us,  0.0 sy,  0.0 ni,100.0 id,  0.0 wa,  0.0 hi,  0.0 si,  0.0 st
MiB Mem :   7934.4 total,   6650.5 free,    486.6 used,    797.3 buff/cache
MiB Swap:   1024.0 total,   1024.0 free,      0.0 used.   7274.0 avail Mem 

    PID USER      PR  NI    VIRT    RES    SHR S  %CPU  %MEM     TIME+ COMMAND
    802 agent     30  10  221896  68200   8508 S   0.0   0.8   0:00.17 agent-leak-app-

top - 01:49:47 up  4:41,  0 users,  load average: 0.00, 0.00, 0.00
Tasks:   1 total,   0 running,   1 sleeping,   0 stopped,   0 zombie
%Cpu(s):  0.0 us,  1.9 sy,  0.6 ni, 97.5 id,  0.0 wa,  0.0 hi,  0.0 si,  0.0 st
MiB Mem :   7934.4 total,   6650.5 free,    486.6 used,    797.3 buff/cache
MiB Swap:   1024.0 total,   1024.0 free,      0.0 used.   7274.0 avail Mem 

    PID USER      PR  NI    VIRT    RES    SHR S  %CPU  %MEM     TIME+ COMMAND
    802 agent     30  10  247500  93804   8508 S  30.0   1.2   0:00.23 agent-leak-app-

top - 01:49:47 up  4:41,  0 users,  load average: 0.00, 0.00, 0.00
Tasks:   1 total,   0 running,   1 sleeping,   0 stopped,   0 zombie
%Cpu(s):  0.0 us,  0.0 sy,  0.0 ni,100.0 id,  0.0 wa,  0.0 hi,  0.0 si,  0.0 st
MiB Mem :   7934.4 total,   6650.5 free,    486.6 used,    797.3 buff/cache
MiB Swap:   1024.0 total,   1024.0 free,      0.0 used.   7274.0 avail Mem 

    PID USER      PR  NI    VIRT    RES    SHR S  %CPU  %MEM     TIME+ COMMAND
    802 agent     30  10  247500  93804   8508 S   0.0   1.2   0:00.23 agent-leak-app-

top - 01:49:47 up  4:41,  0 users,  load average: 0.00, 0.00, 0.00
Tasks:   1 total,   0 running,   1 sleeping,   0 stopped,   0 zombie
%Cpu(s):  0.0 us,  0.0 sy,  0.0 ni,100.0 id,  0.0 wa,  0.0 hi,  0.0 si,  0.0 st
MiB Mem :   7934.4 total,   6650.5 free,    486.6 used,    797.3 buff/cache
MiB Swap:   1024.0 total,   1024.0 free,      0.0 used.   7274.0 avail Mem 

    PID USER      PR  NI    VIRT    RES    SHR S  %CPU  %MEM     TIME+ COMMAND
    802 agent     30  10  247500  93804   8508 S   0.0   1.2   0:00.23 agent-leak-app-

top - 01:49:47 up  4:41,  0 users,  load average: 0.00, 0.00, 0.00
Tasks:   1 total,   0 running,   1 sleeping,   0 stopped,   0 zombie
%Cpu(s):  0.0 us,  0.0 sy,  0.0 ni,100.0 id,  0.0 wa,  0.0 hi,  0.0 si,  0.0 st
MiB Mem :   7934.4 total,   6650.5 free,    486.6 used,    797.3 buff/cache
MiB Swap:   1024.0 total,   1024.0 free,      0.0 used.   7274.0 avail Mem 

    PID USER      PR  NI    VIRT    RES    SHR S  %CPU  %MEM     TIME+ COMMAND
    802 agent     30  10  247500  93804   8508 S   0.0   1.2   0:00.23 agent-leak-app-

top - 01:49:48 up  4:41,  0 users,  load average: 0.00, 0.00, 0.00
Tasks:   1 total,   0 running,   1 sleeping,   0 stopped,   0 zombie
%Cpu(s):  0.0 us,  0.6 sy,  0.0 ni, 99.4 id,  0.0 wa,  0.0 hi,  0.0 si,  0.0 st
MiB Mem :   7934.4 total,   6650.5 free,    486.6 used,    797.3 buff/cache
MiB Swap:   1024.0 total,   1024.0 free,      0.0 used.   7274.0 avail Mem 

    PID USER      PR  NI    VIRT    RES    SHR S  %CPU  %MEM     TIME+ COMMAND
    802 agent     30  10  247500  93804   8508 S   0.0   1.2   0:00.23 agent-leak-app-

top - 01:49:48 up  4:41,  0 users,  load average: 0.00, 0.00, 0.00
Tasks:   1 total,   0 running,   1 sleeping,   0 stopped,   0 zombie
%Cpu(s):  0.0 us,  0.0 sy,  0.0 ni,100.0 id,  0.0 wa,  0.0 hi,  0.0 si,  0.0 st
MiB Mem :   7934.4 total,   6650.5 free,    486.6 used,    797.3 buff/cache
MiB Swap:   1024.0 total,   1024.0 free,      0.0 used.   7274.0 avail Mem 

    PID USER      PR  NI    VIRT    RES    SHR S  %CPU  %MEM     TIME+ COMMAND
    802 agent     30  10  247500  93804   8508 S   0.0   1.2   0:00.23 agent-leak-app-

top - 01:49:48 up  4:41,  0 users,  load average: 0.00, 0.00, 0.00
Tasks:   1 total,   0 running,   1 sleeping,   0 stopped,   0 zombie
%Cpu(s):  0.0 us,  0.0 sy,  0.0 ni,100.0 id,  0.0 wa,  0.0 hi,  0.0 si,  0.0 st
MiB Mem :   7934.4 total,   6650.5 free,    486.6 used,    797.3 buff/cache
MiB Swap:   1024.0 total,   1024.0 free,      0.0 used.   7274.0 avail Mem 

    PID USER      PR  NI    VIRT    RES    SHR S  %CPU  %MEM     TIME+ COMMAND
    802 agent     30  10  247500  93804   8508 S   0.0   1.2   0:00.23 agent-leak-app-

top - 01:49:48 up  4:41,  0 users,  load average: 0.00, 0.00, 0.00
Tasks:   1 total,   0 running,   1 sleeping,   0 stopped,   0 zombie
%Cpu(s):  0.0 us,  0.0 sy,  0.0 ni,100.0 id,  0.0 wa,  0.0 hi,  0.0 si,  0.0 st
MiB Mem :   7934.4 total,   6650.5 free,    486.6 used,    797.3 buff/cache
MiB Swap:   1024.0 total,   1024.0 free,      0.0 used.   7274.0 avail Mem 

    PID USER      PR  NI    VIRT    RES    SHR S  %CPU  %MEM     TIME+ COMMAND
    802 agent     30  10  247500  93804   8508 S   0.0   1.2   0:00.23 agent-leak-app-

top - 01:49:48 up  4:41,  0 users,  load average: 0.00, 0.00, 0.00
Tasks:   1 total,   0 running,   1 sleeping,   0 stopped,   0 zombie
%Cpu(s):  0.0 us,  0.0 sy,  0.0 ni,100.0 id,  0.0 wa,  0.0 hi,  0.0 si,  0.0 st
MiB Mem :   7934.4 total,   6650.5 free,    486.6 used,    797.3 buff/cache
MiB Swap:   1024.0 total,   1024.0 free,      0.0 used.   7274.0 avail Mem 

    PID USER      PR  NI    VIRT    RES    SHR S  %CPU  %MEM     TIME+ COMMAND
    802 agent     30  10  247500  93804   8508 S   0.0   1.2   0:00.23 agent-leak-app-

top - 01:49:49 up  4:41,  0 users,  load average: 0.00, 0.00, 0.00
Tasks:   1 total,   0 running,   1 sleeping,   0 stopped,   0 zombie
%Cpu(s):  0.0 us,  0.0 sy,  0.0 ni,100.0 id,  0.0 wa,  0.0 hi,  0.0 si,  0.0 st
MiB Mem :   7934.4 total,   6626.5 free,    510.6 used,    797.3 buff/cache
MiB Swap:   1024.0 total,   1024.0 free,      0.0 used.   7250.0 avail Mem 

    PID USER      PR  NI    VIRT    RES    SHR S  %CPU  %MEM     TIME+ COMMAND
    802 agent     30  10  247500  93804   8508 S   0.0   1.2   0:00.23 agent-leak-app-

top - 01:49:49 up  4:41,  0 users,  load average: 0.00, 0.00, 0.00
Tasks:   1 total,   0 running,   1 sleeping,   0 stopped,   0 zombie
%Cpu(s):  0.0 us,  0.0 sy,  0.0 ni,100.0 id,  0.0 wa,  0.0 hi,  0.0 si,  0.0 st
MiB Mem :   7934.4 total,   6626.5 free,    510.6 used,    797.3 buff/cache
MiB Swap:   1024.0 total,   1024.0 free,      0.0 used.   7250.0 avail Mem 

    PID USER      PR  NI    VIRT    RES    SHR S  %CPU  %MEM     TIME+ COMMAND
    802 agent     30  10  247500  93804   8508 S   0.0   1.2   0:00.23 agent-leak-app-

top - 01:49:49 up  4:41,  0 users,  load average: 0.00, 0.00, 0.00
Tasks:   1 total,   0 running,   1 sleeping,   0 stopped,   0 zombie
%Cpu(s):  0.0 us,  0.0 sy,  0.0 ni,100.0 id,  0.0 wa,  0.0 hi,  0.0 si,  0.0 st
MiB Mem :   7934.4 total,   6626.5 free,    510.6 used,    797.3 buff/cache
MiB Swap:   1024.0 total,   1024.0 free,      0.0 used.   7250.0 avail Mem 

    PID USER      PR  NI    VIRT    RES    SHR S  %CPU  %MEM     TIME+ COMMAND
    802 agent     30  10  247500  93804   8508 S   0.0   1.2   0:00.23 agent-leak-app-

top - 01:49:49 up  4:41,  0 users,  load average: 0.00, 0.00, 0.00
Tasks:   1 total,   0 running,   1 sleeping,   0 stopped,   0 zombie
%Cpu(s):  3.7 us,  1.2 sy,  0.0 ni, 93.8 id,  0.0 wa,  0.0 hi,  1.2 si,  0.0 st
MiB Mem :   7934.4 total,   6626.5 free,    510.6 used,    797.3 buff/cache
MiB Swap:   1024.0 total,   1024.0 free,      0.0 used.   7250.0 avail Mem 

    PID USER      PR  NI    VIRT    RES    SHR S  %CPU  %MEM     TIME+ COMMAND
    802 agent     30  10  247500  93804   8508 S   0.0   1.2   0:00.23 agent-leak-app-

top - 01:49:49 up  4:41,  0 users,  load average: 0.00, 0.00, 0.00
Tasks:   1 total,   0 running,   1 sleeping,   0 stopped,   0 zombie
%Cpu(s):  0.0 us,  0.0 sy,  0.0 ni,100.0 id,  0.0 wa,  0.0 hi,  0.0 si,  0.0 st
MiB Mem :   7934.4 total,   6626.5 free,    510.6 used,    797.3 buff/cache
MiB Swap:   1024.0 total,   1024.0 free,      0.0 used.   7250.0 avail Mem 

    PID USER      PR  NI    VIRT    RES    SHR S  %CPU  %MEM     TIME+ COMMAND
    802 agent     30  10  247500  93804   8508 S   0.0   1.2   0:00.23 agent-leak-app-

top - 01:49:50 up  4:41,  0 users,  load average: 0.00, 0.00, 0.00
Tasks:   1 total,   0 running,   1 sleeping,   0 stopped,   0 zombie
%Cpu(s):  0.0 us,  0.0 sy,  0.0 ni,100.0 id,  0.0 wa,  0.0 hi,  0.0 si,  0.0 st
MiB Mem :   7934.4 total,   6626.5 free,    510.6 used,    797.3 buff/cache
MiB Swap:   1024.0 total,   1024.0 free,      0.0 used.   7250.0 avail Mem 

    PID USER      PR  NI    VIRT    RES    SHR S  %CPU  %MEM     TIME+ COMMAND
    802 agent     30  10  273104  93816   8508 S   0.0   1.2   0:00.23 agent-leak-app-

top - 01:49:50 up  4:41,  0 users,  load average: 0.00, 0.00, 0.00
Tasks:   1 total,   0 running,   1 sleeping,   0 stopped,   0 zombie
%Cpu(s):  0.0 us,  1.2 sy,  0.6 ni, 98.2 id,  0.0 wa,  0.0 hi,  0.0 si,  0.0 st
MiB Mem :   7934.4 total,   6626.5 free,    510.6 used,    797.3 buff/cache
MiB Swap:   1024.0 total,   1024.0 free,      0.0 used.   7250.0 avail Mem 

    PID USER      PR  NI    VIRT    RES    SHR S  %CPU  %MEM     TIME+ COMMAND
    802 agent     30  10  273104 119408   8508 S  14.3   1.5   0:00.26 agent-leak-app-

top - 01:49:50 up  4:41,  0 users,  load average: 0.00, 0.00, 0.00
Tasks:   1 total,   0 running,   1 sleeping,   0 stopped,   0 zombie
%Cpu(s):  0.0 us,  0.6 sy,  0.6 ni, 98.8 id,  0.0 wa,  0.0 hi,  0.0 si,  0.0 st
MiB Mem :   7934.4 total,   6626.5 free,    510.6 used,    797.3 buff/cache
MiB Swap:   1024.0 total,   1024.0 free,      0.0 used.   7250.0 avail Mem 

    PID USER      PR  NI    VIRT    RES    SHR S  %CPU  %MEM     TIME+ COMMAND
    802 agent     30  10  273104 119408   8508 S  10.0   1.5   0:00.28 agent-leak-app-

top - 01:49:50 up  4:41,  0 users,  load average: 0.00, 0.00, 0.00
Tasks:   1 total,   0 running,   1 sleeping,   0 stopped,   0 zombie
%Cpu(s):  0.0 us,  0.6 sy,  0.0 ni, 99.4 id,  0.0 wa,  0.0 hi,  0.0 si,  0.0 st
MiB Mem :   7934.4 total,   6626.5 free,    510.6 used,    797.3 buff/cache
MiB Swap:   1024.0 total,   1024.0 free,      0.0 used.   7250.0 avail Mem 

    PID USER      PR  NI    VIRT    RES    SHR S  %CPU  %MEM     TIME+ COMMAND
    802 agent     30  10  273104 119408   8508 S   0.0   1.5   0:00.28 agent-leak-app-

top - 01:49:50 up  4:41,  0 users,  load average: 0.00, 0.00, 0.00
Tasks:   1 total,   0 running,   1 sleeping,   0 stopped,   0 zombie
%Cpu(s):  0.0 us,  0.0 sy,  0.0 ni,100.0 id,  0.0 wa,  0.0 hi,  0.0 si,  0.0 st
MiB Mem :   7934.4 total,   6626.5 free,    510.6 used,    797.3 buff/cache
MiB Swap:   1024.0 total,   1024.0 free,      0.0 used.   7250.0 avail Mem 

    PID USER      PR  NI    VIRT    RES    SHR S  %CPU  %MEM     TIME+ COMMAND
    802 agent     30  10  273104 119408   8508 S   0.0   1.5   0:00.28 agent-leak-app-

top - 01:49:51 up  4:41,  0 users,  load average: 0.00, 0.00, 0.00
Tasks:   1 total,   0 running,   1 sleeping,   0 stopped,   0 zombie
%Cpu(s):  0.0 us,  0.0 sy,  0.0 ni,100.0 id,  0.0 wa,  0.0 hi,  0.0 si,  0.0 st
MiB Mem :   7934.4 total,   6626.5 free,    510.6 used,    797.3 buff/cache
MiB Swap:   1024.0 total,   1024.0 free,      0.0 used.   7250.0 avail Mem 

    PID USER      PR  NI    VIRT    RES    SHR S  %CPU  %MEM     TIME+ COMMAND
    802 agent     30  10  273104 119408   8508 S   0.0   1.5   0:00.28 agent-leak-app-

top - 01:49:51 up  4:41,  0 users,  load average: 0.00, 0.00, 0.00
Tasks:   1 total,   0 running,   1 sleeping,   0 stopped,   0 zombie
%Cpu(s):  0.0 us,  0.0 sy,  0.0 ni,100.0 id,  0.0 wa,  0.0 hi,  0.0 si,  0.0 st
MiB Mem :   7934.4 total,   6626.5 free,    510.6 used,    797.3 buff/cache
MiB Swap:   1024.0 total,   1024.0 free,      0.0 used.   7250.0 avail Mem 

    PID USER      PR  NI    VIRT    RES    SHR S  %CPU  %MEM     TIME+ COMMAND
    802 agent     30  10  273104 119408   8508 S   0.0   1.5   0:00.28 agent-leak-app-

top - 01:49:51 up  4:41,  0 users,  load average: 0.00, 0.00, 0.00
Tasks:   1 total,   0 running,   1 sleeping,   0 stopped,   0 zombie
%Cpu(s):  0.0 us,  0.0 sy,  0.0 ni,100.0 id,  0.0 wa,  0.0 hi,  0.0 si,  0.0 st
MiB Mem :   7934.4 total,   6626.5 free,    510.6 used,    797.3 buff/cache
MiB Swap:   1024.0 total,   1024.0 free,      0.0 used.   7250.0 avail Mem 

    PID USER      PR  NI    VIRT    RES    SHR S  %CPU  %MEM     TIME+ COMMAND
    802 agent     30  10  273104 119408   8508 S   0.0   1.5   0:00.28 agent-leak-app-

top - 01:49:51 up  4:41,  0 users,  load average: 0.00, 0.00, 0.00
Tasks:   1 total,   0 running,   1 sleeping,   0 stopped,   0 zombie
%Cpu(s):  0.6 us,  0.6 sy,  0.0 ni, 98.1 id,  0.0 wa,  0.0 hi,  0.6 si,  0.0 st
MiB Mem :   7934.4 total,   6626.5 free,    510.6 used,    797.3 buff/cache
MiB Swap:   1024.0 total,   1024.0 free,      0.0 used.   7250.0 avail Mem 

    PID USER      PR  NI    VIRT    RES    SHR S  %CPU  %MEM     TIME+ COMMAND
    802 agent     30  10  273104 119408   8508 S   0.0   1.5   0:00.28 agent-leak-app-

top - 01:49:51 up  4:41,  0 users,  load average: 0.00, 0.00, 0.00
Tasks:   1 total,   0 running,   1 sleeping,   0 stopped,   0 zombie
%Cpu(s):  0.0 us,  0.0 sy,  0.0 ni,100.0 id,  0.0 wa,  0.0 hi,  0.0 si,  0.0 st
MiB Mem :   7934.4 total,   6626.5 free,    510.6 used,    797.3 buff/cache
MiB Swap:   1024.0 total,   1024.0 free,      0.0 used.   7250.0 avail Mem 

    PID USER      PR  NI    VIRT    RES    SHR S  %CPU  %MEM     TIME+ COMMAND
    802 agent     30  10  273104 119408   8508 S   0.0   1.5   0:00.28 agent-leak-app-

top - 01:49:52 up  4:41,  0 users,  load average: 0.00, 0.00, 0.00
Tasks:   1 total,   0 running,   1 sleeping,   0 stopped,   0 zombie
%Cpu(s):  0.0 us,  0.0 sy,  0.0 ni,100.0 id,  0.0 wa,  0.0 hi,  0.0 si,  0.0 st
MiB Mem :   7934.4 total,   6602.5 free,    534.6 used,    797.3 buff/cache
MiB Swap:   1024.0 total,   1024.0 free,      0.0 used.   7226.0 avail Mem 

    PID USER      PR  NI    VIRT    RES    SHR S  %CPU  %MEM     TIME+ COMMAND
    802 agent     30  10  273104 119408   8508 S   0.0   1.5   0:00.28 agent-leak-app-

top - 01:49:52 up  4:41,  0 users,  load average: 0.00, 0.00, 0.00
Tasks:   1 total,   0 running,   1 sleeping,   0 stopped,   0 zombie
%Cpu(s):  0.0 us,  0.0 sy,  0.0 ni,100.0 id,  0.0 wa,  0.0 hi,  0.0 si,  0.0 st
MiB Mem :   7934.4 total,   6602.5 free,    534.6 used,    797.3 buff/cache
MiB Swap:   1024.0 total,   1024.0 free,      0.0 used.   7226.0 avail Mem 

    PID USER      PR  NI    VIRT    RES    SHR S  %CPU  %MEM     TIME+ COMMAND
    802 agent     30  10  273104 119408   8508 S   0.0   1.5   0:00.28 agent-leak-app-

top - 01:49:52 up  4:41,  0 users,  load average: 0.00, 0.00, 0.00
Tasks:   1 total,   0 running,   1 sleeping,   0 stopped,   0 zombie
%Cpu(s):  0.0 us,  0.0 sy,  0.0 ni,100.0 id,  0.0 wa,  0.0 hi,  0.0 si,  0.0 st
MiB Mem :   7934.4 total,   6602.5 free,    534.6 used,    797.3 buff/cache
MiB Swap:   1024.0 total,   1024.0 free,      0.0 used.   7226.0 avail Mem 

    PID USER      PR  NI    VIRT    RES    SHR S  %CPU  %MEM     TIME+ COMMAND
    802 agent     30  10  273104 119408   8508 S   0.0   1.5   0:00.28 agent-leak-app-

top - 01:49:52 up  4:41,  0 users,  load average: 0.00, 0.00, 0.00
Tasks:   1 total,   0 running,   1 sleeping,   0 stopped,   0 zombie
%Cpu(s):  0.0 us,  0.0 sy,  0.0 ni,100.0 id,  0.0 wa,  0.0 hi,  0.0 si,  0.0 st
MiB Mem :   7934.4 total,   6602.5 free,    534.6 used,    797.3 buff/cache
MiB Swap:   1024.0 total,   1024.0 free,      0.0 used.   7226.0 avail Mem 

    PID USER      PR  NI    VIRT    RES    SHR S  %CPU  %MEM     TIME+ COMMAND
    802 agent     30  10  273104 119408   8508 S   0.0   1.5   0:00.28 agent-leak-app-

top - 01:49:53 up  4:41,  0 users,  load average: 0.00, 0.00, 0.00
Tasks:   1 total,   0 running,   1 sleeping,   0 stopped,   0 zombie
%Cpu(s):  0.0 us,  0.0 sy,  0.0 ni,100.0 id,  0.0 wa,  0.0 hi,  0.0 si,  0.0 st
MiB Mem :   7934.4 total,   6602.5 free,    534.6 used,    797.3 buff/cache
MiB Swap:   1024.0 total,   1024.0 free,      0.0 used.   7226.0 avail Mem 

    PID USER      PR  NI    VIRT    RES    SHR S  %CPU  %MEM     TIME+ COMMAND
    802 agent     30  10  273104 119408   8508 S   0.0   1.5   0:00.28 agent-leak-app-

top - 01:49:53 up  4:41,  0 users,  load average: 0.00, 0.00, 0.00
Tasks:   1 total,   0 running,   1 sleeping,   0 stopped,   0 zombie
%Cpu(s):  0.0 us,  0.6 sy,  0.0 ni, 99.4 id,  0.0 wa,  0.0 hi,  0.0 si,  0.0 st
MiB Mem :   7934.4 total,   6602.5 free,    534.6 used,    797.3 buff/cache
MiB Swap:   1024.0 total,   1024.0 free,      0.0 used.   7226.0 avail Mem 

    PID USER      PR  NI    VIRT    RES    SHR S  %CPU  %MEM     TIME+ COMMAND
    802 agent     30  10  298708 134784   8508 S   5.0   1.7   0:00.29 agent-leak-app-

top - 01:49:53 up  4:41,  0 users,  load average: 0.00, 0.00, 0.00
Tasks:   1 total,   0 running,   1 sleeping,   0 stopped,   0 zombie
%Cpu(s):  0.0 us,  2.4 sy,  0.0 ni, 97.6 id,  0.0 wa,  0.0 hi,  0.0 si,  0.0 st
MiB Mem :   7934.4 total,   6602.5 free,    534.6 used,    797.3 buff/cache
MiB Swap:   1024.0 total,   1024.0 free,      0.0 used.   7226.0 avail Mem 

    PID USER      PR  NI    VIRT    RES    SHR S  %CPU  %MEM     TIME+ COMMAND
    802 agent     30  10  298708 145012   8508 S   9.5   1.8   0:00.31 agent-leak-app-

top - 01:49:53 up  4:41,  0 users,  load average: 0.00, 0.00, 0.00
Tasks:   1 total,   0 running,   1 sleeping,   0 stopped,   0 zombie
%Cpu(s):  0.0 us,  0.0 sy,  1.2 ni, 98.8 id,  0.0 wa,  0.0 hi,  0.0 si,  0.0 st
MiB Mem :   7934.4 total,   6602.5 free,    534.6 used,    797.3 buff/cache
MiB Swap:   1024.0 total,   1024.0 free,      0.0 used.   7226.0 avail Mem 

    PID USER      PR  NI    VIRT    RES    SHR S  %CPU  %MEM     TIME+ COMMAND
    802 agent     30  10  298708 145012   8508 S   9.5   1.8   0:00.33 agent-leak-app-

top - 01:49:53 up  4:41,  0 users,  load average: 0.00, 0.00, 0.00
Tasks:   1 total,   0 running,   1 sleeping,   0 stopped,   0 zombie
%Cpu(s):  0.6 us,  0.6 sy,  0.0 ni, 98.8 id,  0.0 wa,  0.0 hi,  0.0 si,  0.0 st
MiB Mem :   7934.4 total,   6602.5 free,    534.6 used,    797.3 buff/cache
MiB Swap:   1024.0 total,   1024.0 free,      0.0 used.   7226.0 avail Mem 

    PID USER      PR  NI    VIRT    RES    SHR S  %CPU  %MEM     TIME+ COMMAND
    802 agent     30  10  298708 145012   8508 S   0.0   1.8   0:00.33 agent-leak-app-

top - 01:49:54 up  4:41,  0 users,  load average: 0.00, 0.00, 0.00
Tasks:   1 total,   0 running,   1 sleeping,   0 stopped,   0 zombie
%Cpu(s):  0.0 us,  0.0 sy,  0.0 ni,100.0 id,  0.0 wa,  0.0 hi,  0.0 si,  0.0 st
MiB Mem :   7934.4 total,   6602.5 free,    534.6 used,    797.3 buff/cache
MiB Swap:   1024.0 total,   1024.0 free,      0.0 used.   7226.0 avail Mem 

    PID USER      PR  NI    VIRT    RES    SHR S  %CPU  %MEM     TIME+ COMMAND
    802 agent     30  10  298708 145012   8508 S   0.0   1.8   0:00.33 agent-leak-app-

top - 01:49:54 up  4:41,  0 users,  load average: 0.00, 0.00, 0.00
Tasks:   1 total,   0 running,   1 sleeping,   0 stopped,   0 zombie
%Cpu(s):  0.0 us,  0.0 sy,  0.0 ni,100.0 id,  0.0 wa,  0.0 hi,  0.0 si,  0.0 st
MiB Mem :   7934.4 total,   6602.5 free,    534.6 used,    797.3 buff/cache
MiB Swap:   1024.0 total,   1024.0 free,      0.0 used.   7226.0 avail Mem 

    PID USER      PR  NI    VIRT    RES    SHR S  %CPU  %MEM     TIME+ COMMAND
    802 agent     30  10  298708 145012   8508 S   0.0   1.8   0:00.33 agent-leak-app-

top - 01:49:54 up  4:41,  0 users,  load average: 0.00, 0.00, 0.00
Tasks:   1 total,   0 running,   1 sleeping,   0 stopped,   0 zombie
%Cpu(s):  0.0 us,  0.0 sy,  0.0 ni,100.0 id,  0.0 wa,  0.0 hi,  0.0 si,  0.0 st
MiB Mem :   7934.4 total,   6602.5 free,    534.6 used,    797.3 buff/cache
MiB Swap:   1024.0 total,   1024.0 free,      0.0 used.   7226.0 avail Mem 

    PID USER      PR  NI    VIRT    RES    SHR S  %CPU  %MEM     TIME+ COMMAND
    802 agent     30  10  298708 145012   8508 S   0.0   1.8   0:00.33 agent-leak-app-

top - 01:49:54 up  4:41,  0 users,  load average: 0.00, 0.00, 0.00
Tasks:   1 total,   0 running,   1 sleeping,   0 stopped,   0 zombie
%Cpu(s):  0.0 us,  0.0 sy,  0.0 ni,100.0 id,  0.0 wa,  0.0 hi,  0.0 si,  0.0 st
MiB Mem :   7934.4 total,   6602.5 free,    534.6 used,    797.3 buff/cache
MiB Swap:   1024.0 total,   1024.0 free,      0.0 used.   7226.0 avail Mem 

    PID USER      PR  NI    VIRT    RES    SHR S  %CPU  %MEM     TIME+ COMMAND
    802 agent     30  10  298708 145012   8508 S   0.0   1.8   0:00.33 agent-leak-app-

top - 01:49:54 up  4:41,  0 users,  load average: 0.00, 0.00, 0.00
Tasks:   1 total,   0 running,   1 sleeping,   0 stopped,   0 zombie
%Cpu(s):  0.0 us,  0.0 sy,  0.0 ni,100.0 id,  0.0 wa,  0.0 hi,  0.0 si,  0.0 st
MiB Mem :   7934.4 total,   6602.5 free,    534.6 used,    797.3 buff/cache
MiB Swap:   1024.0 total,   1024.0 free,      0.0 used.   7226.0 avail Mem 

    PID USER      PR  NI    VIRT    RES    SHR S  %CPU  %MEM     TIME+ COMMAND
    802 agent     30  10  298708 145012   8508 S   0.0   1.8   0:00.33 agent-leak-app-

top - 01:49:55 up  4:41,  0 users,  load average: 0.00, 0.00, 0.00
Tasks:   1 total,   0 running,   1 sleeping,   0 stopped,   0 zombie
%Cpu(s):  0.0 us,  0.0 sy,  0.0 ni,100.0 id,  0.0 wa,  0.0 hi,  0.0 si,  0.0 st
MiB Mem :   7934.4 total,   6581.4 free,    555.7 used,    797.3 buff/cache
MiB Swap:   1024.0 total,   1024.0 free,      0.0 used.   7204.9 avail Mem 

    PID USER      PR  NI    VIRT    RES    SHR S  %CPU  %MEM     TIME+ COMMAND
    802 agent     30  10  298708 145012   8508 S   0.0   1.8   0:00.33 agent-leak-app-

top - 01:49:55 up  4:41,  0 users,  load average: 0.00, 0.00, 0.00
Tasks:   1 total,   0 running,   1 sleeping,   0 stopped,   0 zombie
%Cpu(s):  0.0 us,  0.0 sy,  0.0 ni,100.0 id,  0.0 wa,  0.0 hi,  0.0 si,  0.0 st
MiB Mem :   7934.4 total,   6581.4 free,    555.7 used,    797.3 buff/cache
MiB Swap:   1024.0 total,   1024.0 free,      0.0 used.   7204.9 avail Mem 

    PID USER      PR  NI    VIRT    RES    SHR S  %CPU  %MEM     TIME+ COMMAND
    802 agent     30  10  298708 145012   8508 S   0.0   1.8   0:00.33 agent-leak-app-

top - 01:49:55 up  4:42,  0 users,  load average: 0.00, 0.00, 0.00
Tasks:   1 total,   0 running,   1 sleeping,   0 stopped,   0 zombie
%Cpu(s):  0.0 us,  0.0 sy,  0.0 ni,100.0 id,  0.0 wa,  0.0 hi,  0.0 si,  0.0 st
MiB Mem :   7934.4 total,   6581.4 free,    555.7 used,    797.3 buff/cache
MiB Swap:   1024.0 total,   1024.0 free,      0.0 used.   7204.9 avail Mem 

    PID USER      PR  NI    VIRT    RES    SHR S  %CPU  %MEM     TIME+ COMMAND
    802 agent     30  10  298708 145012   8508 S   0.0   1.8   0:00.33 agent-leak-app-

top - 01:49:55 up  4:42,  0 users,  load average: 0.00, 0.00, 0.00
Tasks:   1 total,   0 running,   1 sleeping,   0 stopped,   0 zombie
%Cpu(s):  3.1 us,  2.5 sy,  0.0 ni, 93.9 id,  0.0 wa,  0.0 hi,  0.6 si,  0.0 st
MiB Mem :   7934.4 total,   6581.4 free,    555.7 used,    797.3 buff/cache
MiB Swap:   1024.0 total,   1024.0 free,      0.0 used.   7204.9 avail Mem 

    PID USER      PR  NI    VIRT    RES    SHR S  %CPU  %MEM     TIME+ COMMAND
    802 agent     30  10  298708 145012   8508 S   0.0   1.8   0:00.33 agent-leak-app-

top - 01:49:55 up  4:42,  0 users,  load average: 0.00, 0.00, 0.00
Tasks:   1 total,   0 running,   1 sleeping,   0 stopped,   0 zombie
%Cpu(s):  0.0 us,  0.0 sy,  0.0 ni,100.0 id,  0.0 wa,  0.0 hi,  0.0 si,  0.0 st
MiB Mem :   7934.4 total,   6581.4 free,    555.7 used,    797.3 buff/cache
MiB Swap:   1024.0 total,   1024.0 free,      0.0 used.   7204.9 avail Mem 

    PID USER      PR  NI    VIRT    RES    SHR S  %CPU  %MEM     TIME+ COMMAND
    802 agent     30  10  298708 145012   8508 S   0.0   1.8   0:00.33 agent-leak-app-

top - 01:49:56 up  4:42,  0 users,  load average: 0.00, 0.00, 0.00
Tasks:   1 total,   0 running,   1 sleeping,   0 stopped,   0 zombie
%Cpu(s):  0.0 us,  0.0 sy,  0.0 ni,100.0 id,  0.0 wa,  0.0 hi,  0.0 si,  0.0 st
MiB Mem :   7934.4 total,   6581.4 free,    555.7 used,    797.3 buff/cache
MiB Swap:   1024.0 total,   1024.0 free,      0.0 used.   7204.9 avail Mem 

    PID USER      PR  NI    VIRT    RES    SHR S  %CPU  %MEM     TIME+ COMMAND
    802 agent     30  10  298708 145012   8508 S   0.0   1.8   0:00.33 agent-leak-app-

top - 01:49:56 up  4:42,  0 users,  load average: 0.00, 0.00, 0.00
Tasks:   1 total,   0 running,   1 sleeping,   0 stopped,   0 zombie
%Cpu(s):  0.6 us,  2.5 sy,  0.0 ni, 96.9 id,  0.0 wa,  0.0 hi,  0.0 si,  0.0 st
MiB Mem :   7934.4 total,   6581.4 free,    555.7 used,    797.3 buff/cache
MiB Swap:   1024.0 total,   1024.0 free,      0.0 used.   7204.9 avail Mem 

    PID USER      PR  NI    VIRT    RES    SHR S  %CPU  %MEM     TIME+ COMMAND
    802 agent     30  10  324312 169608   8508 S  15.0   2.1   0:00.36 agent-leak-app-

top - 01:49:56 up  4:42,  0 users,  load average: 0.00, 0.00, 0.00
Tasks:   1 total,   0 running,   1 sleeping,   0 stopped,   0 zombie
%Cpu(s):  0.0 us,  0.0 sy,  0.0 ni,100.0 id,  0.0 wa,  0.0 hi,  0.0 si,  0.0 st
MiB Mem :   7934.4 total,   6581.4 free,    555.7 used,    797.3 buff/cache
MiB Swap:   1024.0 total,   1024.0 free,      0.0 used.   7204.9 avail Mem 

    PID USER      PR  NI    VIRT    RES    SHR S  %CPU  %MEM     TIME+ COMMAND
    802 agent     30  10  324312 170616   8508 S   0.0   2.1   0:00.36 agent-leak-app-

top - 01:49:56 up  4:42,  0 users,  load average: 0.00, 0.00, 0.00
Tasks:   1 total,   0 running,   1 sleeping,   0 stopped,   0 zombie
%Cpu(s):  0.0 us,  0.0 sy,  1.2 ni, 98.8 id,  0.0 wa,  0.0 hi,  0.0 si,  0.0 st
MiB Mem :   7934.4 total,   6581.4 free,    555.7 used,    797.3 buff/cache
MiB Swap:   1024.0 total,   1024.0 free,      0.0 used.   7204.9 avail Mem 

    PID USER      PR  NI    VIRT    RES    SHR S  %CPU  %MEM     TIME+ COMMAND
    802 agent     30  10  324312 170616   8508 S  10.0   2.1   0:00.38 agent-leak-app-

top - 01:49:56 up  4:42,  0 users,  load average: 0.00, 0.00, 0.00
Tasks:   1 total,   0 running,   1 sleeping,   0 stopped,   0 zombie
%Cpu(s):  0.0 us,  0.0 sy,  0.0 ni,100.0 id,  0.0 wa,  0.0 hi,  0.0 si,  0.0 st
MiB Mem :   7934.4 total,   6581.4 free,    555.7 used,    797.3 buff/cache
MiB Swap:   1024.0 total,   1024.0 free,      0.0 used.   7204.9 avail Mem 

    PID USER      PR  NI    VIRT    RES    SHR S  %CPU  %MEM     TIME+ COMMAND
    802 agent     30  10  324312 170616   8508 S   0.0   2.1   0:00.38 agent-leak-app-

top - 01:49:57 up  4:42,  0 users,  load average: 0.00, 0.00, 0.00
Tasks:   1 total,   0 running,   1 sleeping,   0 stopped,   0 zombie
%Cpu(s):  0.0 us,  0.0 sy,  0.0 ni,100.0 id,  0.0 wa,  0.0 hi,  0.0 si,  0.0 st
MiB Mem :   7934.4 total,   6581.4 free,    555.7 used,    797.3 buff/cache
MiB Swap:   1024.0 total,   1024.0 free,      0.0 used.   7204.9 avail Mem 

    PID USER      PR  NI    VIRT    RES    SHR S  %CPU  %MEM     TIME+ COMMAND
    802 agent     30  10  324312 170616   8508 S   0.0   2.1   0:00.38 agent-leak-app-

top - 01:49:57 up  4:42,  0 users,  load average: 0.00, 0.00, 0.00
Tasks:   1 total,   0 running,   1 sleeping,   0 stopped,   0 zombie
%Cpu(s):  0.0 us,  0.0 sy,  0.0 ni,100.0 id,  0.0 wa,  0.0 hi,  0.0 si,  0.0 st
MiB Mem :   7934.4 total,   6581.4 free,    555.7 used,    797.3 buff/cache
MiB Swap:   1024.0 total,   1024.0 free,      0.0 used.   7204.9 avail Mem 

    PID USER      PR  NI    VIRT    RES    SHR S  %CPU  %MEM     TIME+ COMMAND
    802 agent     30  10  324312 170616   8508 S   0.0   2.1   0:00.38 agent-leak-app-

top - 01:49:57 up  4:42,  0 users,  load average: 0.00, 0.00, 0.00
Tasks:   1 total,   0 running,   1 sleeping,   0 stopped,   0 zombie
%Cpu(s):  0.0 us,  0.0 sy,  0.0 ni,100.0 id,  0.0 wa,  0.0 hi,  0.0 si,  0.0 st
MiB Mem :   7934.4 total,   6581.4 free,    555.7 used,    797.3 buff/cache
MiB Swap:   1024.0 total,   1024.0 free,      0.0 used.   7204.9 avail Mem 

    PID USER      PR  NI    VIRT    RES    SHR S  %CPU  %MEM     TIME+ COMMAND
    802 agent     30  10  324312 170616   8508 S   0.0   2.1   0:00.38 agent-leak-app-

top - 01:49:57 up  4:42,  0 users,  load average: 0.00, 0.00, 0.00
Tasks:   1 total,   0 running,   1 sleeping,   0 stopped,   0 zombie
%Cpu(s):  0.0 us,  0.0 sy,  0.0 ni,100.0 id,  0.0 wa,  0.0 hi,  0.0 si,  0.0 st
MiB Mem :   7934.4 total,   6581.4 free,    555.7 used,    797.3 buff/cache
MiB Swap:   1024.0 total,   1024.0 free,      0.0 used.   7204.9 avail Mem 

    PID USER      PR  NI    VIRT    RES    SHR S  %CPU  %MEM     TIME+ COMMAND
    802 agent     30  10  324312 170616   8508 S   0.0   2.1   0:00.38 agent-leak-app-

top - 01:49:57 up  4:42,  0 users,  load average: 0.00, 0.00, 0.00
Tasks:   1 total,   0 running,   1 sleeping,   0 stopped,   0 zombie
%Cpu(s):  0.0 us,  0.0 sy,  0.0 ni,100.0 id,  0.0 wa,  0.0 hi,  0.0 si,  0.0 st
MiB Mem :   7934.4 total,   6581.4 free,    555.7 used,    797.3 buff/cache
MiB Swap:   1024.0 total,   1024.0 free,      0.0 used.   7204.9 avail Mem 

    PID USER      PR  NI    VIRT    RES    SHR S  %CPU  %MEM     TIME+ COMMAND
    802 agent     30  10  324312 170616   8508 S   0.0   2.1   0:00.38 agent-leak-app-

top - 01:49:58 up  4:42,  0 users,  load average: 0.00, 0.00, 0.00
Tasks:   1 total,   0 running,   1 sleeping,   0 stopped,   0 zombie
%Cpu(s):  0.0 us,  0.6 sy,  0.0 ni, 99.4 id,  0.0 wa,  0.0 hi,  0.0 si,  0.0 st
MiB Mem :   7934.4 total,   6555.1 free,    582.0 used,    797.3 buff/cache
MiB Swap:   1024.0 total,   1024.0 free,      0.0 used.   7178.6 avail Mem 

    PID USER      PR  NI    VIRT    RES    SHR S  %CPU  %MEM     TIME+ COMMAND
    802 agent     30  10  324312 170616   8508 S   0.0   2.1   0:00.38 agent-leak-app-

top - 01:49:58 up  4:42,  0 users,  load average: 0.00, 0.00, 0.00
Tasks:   1 total,   0 running,   1 sleeping,   0 stopped,   0 zombie
%Cpu(s):  0.0 us,  0.0 sy,  0.0 ni,100.0 id,  0.0 wa,  0.0 hi,  0.0 si,  0.0 st
MiB Mem :   7934.4 total,   6555.1 free,    582.0 used,    797.3 buff/cache
MiB Swap:   1024.0 total,   1024.0 free,      0.0 used.   7178.6 avail Mem 

    PID USER      PR  NI    VIRT    RES    SHR S  %CPU  %MEM     TIME+ COMMAND
    802 agent     30  10  324312 170616   8508 S   0.0   2.1   0:00.38 agent-leak-app-

top - 01:49:58 up  4:42,  0 users,  load average: 0.00, 0.00, 0.00
Tasks:   1 total,   0 running,   1 sleeping,   0 stopped,   0 zombie
%Cpu(s):  0.0 us,  0.0 sy,  0.0 ni,100.0 id,  0.0 wa,  0.0 hi,  0.0 si,  0.0 st
MiB Mem :   7934.4 total,   6555.1 free,    582.0 used,    797.3 buff/cache
MiB Swap:   1024.0 total,   1024.0 free,      0.0 used.   7178.6 avail Mem 

    PID USER      PR  NI    VIRT    RES    SHR S  %CPU  %MEM     TIME+ COMMAND
    802 agent     30  10  324312 170616   8508 S   0.0   2.1   0:00.38 agent-leak-app-

top - 01:49:58 up  4:42,  0 users,  load average: 0.00, 0.00, 0.00
Tasks:   1 total,   0 running,   1 sleeping,   0 stopped,   0 zombie
%Cpu(s):  0.0 us,  0.0 sy,  0.0 ni,100.0 id,  0.0 wa,  0.0 hi,  0.0 si,  0.0 st
MiB Mem :   7934.4 total,   6555.1 free,    582.0 used,    797.3 buff/cache
MiB Swap:   1024.0 total,   1024.0 free,      0.0 used.   7178.6 avail Mem 

    PID USER      PR  NI    VIRT    RES    SHR S  %CPU  %MEM     TIME+ COMMAND
    802 agent     30  10  324312 170616   8508 S   0.0   2.1   0:00.38 agent-leak-app-

top - 01:49:58 up  4:42,  0 users,  load average: 0.00, 0.00, 0.00
Tasks:   1 total,   0 running,   1 sleeping,   0 stopped,   0 zombie
%Cpu(s):  0.0 us,  0.0 sy,  0.0 ni,100.0 id,  0.0 wa,  0.0 hi,  0.0 si,  0.0 st
MiB Mem :   7934.4 total,   6555.1 free,    582.0 used,    797.3 buff/cache
MiB Swap:   1024.0 total,   1024.0 free,      0.0 used.   7178.6 avail Mem 

    PID USER      PR  NI    VIRT    RES    SHR S  %CPU  %MEM     TIME+ COMMAND
    802 agent     30  10  324312 170616   8508 S   0.0   2.1   0:00.38 agent-leak-app-

top - 01:49:59 up  4:42,  0 users,  load average: 0.00, 0.00, 0.00
Tasks:   1 total,   0 running,   1 sleeping,   0 stopped,   0 zombie
%Cpu(s):  0.0 us,  0.0 sy,  0.0 ni, 99.4 id,  0.0 wa,  0.0 hi,  0.6 si,  0.0 st
MiB Mem :   7934.4 total,   6555.1 free,    582.0 used,    797.3 buff/cache
MiB Swap:   1024.0 total,   1024.0 free,      0.0 used.   7178.6 avail Mem 

    PID USER      PR  NI    VIRT    RES    SHR S  %CPU  %MEM     TIME+ COMMAND
    802 agent     30  10  324312 170616   8508 S   0.0   2.1   0:00.38 agent-leak-app-

top - 01:49:59 up  4:42,  0 users,  load average: 0.00, 0.00, 0.00
Tasks:   1 total,   0 running,   1 sleeping,   0 stopped,   0 zombie
%Cpu(s):  0.0 us,  1.8 sy,  0.0 ni, 98.2 id,  0.0 wa,  0.0 hi,  0.0 si,  0.0 st
MiB Mem :   7934.4 total,   6555.1 free,    582.0 used,    797.3 buff/cache
MiB Swap:   1024.0 total,   1024.0 free,      0.0 used.   7178.6 avail Mem 

    PID USER      PR  NI    VIRT    RES    SHR S  %CPU  %MEM     TIME+ COMMAND
    802 agent     30  10  349916 196220   8508 S  15.0   2.4   0:00.41 agent-leak-app-

top - 01:49:59 up  4:42,  0 users,  load average: 0.00, 0.00, 0.00
Tasks:   1 total,   0 running,   1 sleeping,   0 stopped,   0 zombie
%Cpu(s):  0.0 us,  0.0 sy,  0.0 ni,100.0 id,  0.0 wa,  0.0 hi,  0.0 si,  0.0 st
MiB Mem :   7934.4 total,   6555.1 free,    582.0 used,    797.3 buff/cache
MiB Swap:   1024.0 total,   1024.0 free,      0.0 used.   7178.6 avail Mem 

    PID USER      PR  NI    VIRT    RES    SHR S  %CPU  %MEM     TIME+ COMMAND
    802 agent     30  10  349916 196220   8508 S   0.0   2.4   0:00.41 agent-leak-app-

top - 01:49:59 up  4:42,  0 users,  load average: 0.00, 0.00, 0.00
Tasks:   1 total,   0 running,   1 sleeping,   0 stopped,   0 zombie
%Cpu(s):  1.9 us,  1.2 sy,  0.6 ni, 95.6 id,  0.0 wa,  0.0 hi,  0.6 si,  0.0 st
MiB Mem :   7934.4 total,   6555.1 free,    582.0 used,    797.3 buff/cache
MiB Swap:   1024.0 total,   1024.0 free,      0.0 used.   7178.6 avail Mem 

    PID USER      PR  NI    VIRT    RES    SHR S  %CPU  %MEM     TIME+ COMMAND
    802 agent     30  10  349916 196220   8508 S   5.0   2.4   0:00.42 agent-leak-app-

top - 01:49:59 up  4:42,  0 users,  load average: 0.00, 0.00, 0.00
Tasks:   1 total,   0 running,   1 sleeping,   0 stopped,   0 zombie
%Cpu(s):  0.0 us,  0.0 sy,  0.6 ni, 99.4 id,  0.0 wa,  0.0 hi,  0.0 si,  0.0 st
MiB Mem :   7934.4 total,   6555.1 free,    582.0 used,    797.3 buff/cache
MiB Swap:   1024.0 total,   1024.0 free,      0.0 used.   7178.6 avail Mem 

    PID USER      PR  NI    VIRT    RES    SHR S  %CPU  %MEM     TIME+ COMMAND
    802 agent     30  10  349916 196220   8508 S   5.0   2.4   0:00.43 agent-leak-app-

top - 01:50:00 up  4:42,  0 users,  load average: 0.00, 0.00, 0.00
Tasks:   1 total,   0 running,   1 sleeping,   0 stopped,   0 zombie
%Cpu(s):  0.0 us,  0.0 sy,  0.0 ni,100.0 id,  0.0 wa,  0.0 hi,  0.0 si,  0.0 st
MiB Mem :   7934.4 total,   6555.1 free,    582.0 used,    797.3 buff/cache
MiB Swap:   1024.0 total,   1024.0 free,      0.0 used.   7178.6 avail Mem 

    PID USER      PR  NI    VIRT    RES    SHR S  %CPU  %MEM     TIME+ COMMAND
    802 agent     30  10  349916 196220   8508 S   0.0   2.4   0:00.43 agent-leak-app-

top - 01:50:00 up  4:42,  0 users,  load average: 0.00, 0.00, 0.00
Tasks:   1 total,   0 running,   1 sleeping,   0 stopped,   0 zombie
%Cpu(s):  0.0 us,  0.6 sy,  0.0 ni, 99.4 id,  0.0 wa,  0.0 hi,  0.0 si,  0.0 st
MiB Mem :   7934.4 total,   6555.1 free,    582.0 used,    797.3 buff/cache
MiB Swap:   1024.0 total,   1024.0 free,      0.0 used.   7178.6 avail Mem 

    PID USER      PR  NI    VIRT    RES    SHR S  %CPU  %MEM     TIME+ COMMAND
    802 agent     30  10  349916 196220   8508 S   0.0   2.4   0:00.43 agent-leak-app-

top - 01:50:00 up  4:42,  0 users,  load average: 0.00, 0.00, 0.00
Tasks:   1 total,   0 running,   1 sleeping,   0 stopped,   0 zombie
%Cpu(s):  0.6 us,  0.0 sy,  0.0 ni, 99.4 id,  0.0 wa,  0.0 hi,  0.0 si,  0.0 st
MiB Mem :   7934.4 total,   6555.1 free,    582.0 used,    797.3 buff/cache
MiB Swap:   1024.0 total,   1024.0 free,      0.0 used.   7178.6 avail Mem 

    PID USER      PR  NI    VIRT    RES    SHR S  %CPU  %MEM     TIME+ COMMAND
    802 agent     30  10  349916 196220   8508 S   0.0   2.4   0:00.43 agent-leak-app-

top - 01:50:00 up  4:42,  0 users,  load average: 0.00, 0.00, 0.00
Tasks:   1 total,   0 running,   1 sleeping,   0 stopped,   0 zombie
%Cpu(s):  0.0 us,  0.0 sy,  0.0 ni, 99.4 id,  0.0 wa,  0.0 hi,  0.6 si,  0.0 st
MiB Mem :   7934.4 total,   6555.1 free,    582.0 used,    797.3 buff/cache
MiB Swap:   1024.0 total,   1024.0 free,      0.0 used.   7178.6 avail Mem 

    PID USER      PR  NI    VIRT    RES    SHR S  %CPU  %MEM     TIME+ COMMAND
    802 agent     30  10  349916 196220   8508 S   0.0   2.4   0:00.43 agent-leak-app-

top - 01:50:00 up  4:42,  0 users,  load average: 0.00, 0.00, 0.00
Tasks:   1 total,   0 running,   1 sleeping,   0 stopped,   0 zombie
%Cpu(s):  0.0 us,  0.6 sy,  0.0 ni, 99.4 id,  0.0 wa,  0.0 hi,  0.0 si,  0.0 st
MiB Mem :   7934.4 total,   6555.1 free,    582.0 used,    797.3 buff/cache
MiB Swap:   1024.0 total,   1024.0 free,      0.0 used.   7178.6 avail Mem 

    PID USER      PR  NI    VIRT    RES    SHR S  %CPU  %MEM     TIME+ COMMAND
    802 agent     30  10  349916 196220   8508 S   0.0   2.4   0:00.43 agent-leak-app-

top - 01:50:01 up  4:42,  0 users,  load average: 0.00, 0.00, 0.00
Tasks:   1 total,   0 running,   1 sleeping,   0 stopped,   0 zombie
%Cpu(s):  0.0 us,  0.0 sy,  0.0 ni,100.0 id,  0.0 wa,  0.0 hi,  0.0 si,  0.0 st
MiB Mem :   7934.4 total,   6527.4 free,    609.6 used,    797.3 buff/cache
MiB Swap:   1024.0 total,   1024.0 free,      0.0 used.   7150.9 avail Mem 

    PID USER      PR  NI    VIRT    RES    SHR S  %CPU  %MEM     TIME+ COMMAND
    802 agent     30  10  349916 196220   8508 S   0.0   2.4   0:00.43 agent-leak-app-

top - 01:50:01 up  4:42,  0 users,  load average: 0.00, 0.00, 0.00
Tasks:   1 total,   0 running,   1 sleeping,   0 stopped,   0 zombie
%Cpu(s):  0.0 us,  0.0 sy,  0.0 ni,100.0 id,  0.0 wa,  0.0 hi,  0.0 si,  0.0 st
MiB Mem :   7934.4 total,   6527.4 free,    609.6 used,    797.3 buff/cache
MiB Swap:   1024.0 total,   1024.0 free,      0.0 used.   7150.9 avail Mem 

    PID USER      PR  NI    VIRT    RES    SHR S  %CPU  %MEM     TIME+ COMMAND
    802 agent     30  10  349916 196220   8508 S   0.0   2.4   0:00.43 agent-leak-app-

top - 01:50:01 up  4:42,  0 users,  load average: 0.00, 0.00, 0.00
Tasks:   1 total,   0 running,   1 sleeping,   0 stopped,   0 zombie
%Cpu(s):  0.0 us,  0.0 sy,  0.0 ni,100.0 id,  0.0 wa,  0.0 hi,  0.0 si,  0.0 st
MiB Mem :   7934.4 total,   6527.4 free,    609.6 used,    797.3 buff/cache
MiB Swap:   1024.0 total,   1024.0 free,      0.0 used.   7150.9 avail Mem 

    PID USER      PR  NI    VIRT    RES    SHR S  %CPU  %MEM     TIME+ COMMAND
    802 agent     30  10  349916 196220   8508 S   0.0   2.4   0:00.43 agent-leak-app-

top - 01:50:01 up  4:42,  0 users,  load average: 0.00, 0.00, 0.00
Tasks:   1 total,   0 running,   1 sleeping,   0 stopped,   0 zombie
%Cpu(s):  0.6 us,  0.0 sy,  0.0 ni, 99.4 id,  0.0 wa,  0.0 hi,  0.0 si,  0.0 st
MiB Mem :   7934.4 total,   6527.4 free,    609.6 used,    797.3 buff/cache
MiB Swap:   1024.0 total,   1024.0 free,      0.0 used.   7150.9 avail Mem 

    PID USER      PR  NI    VIRT    RES    SHR S  %CPU  %MEM     TIME+ COMMAND
    802 agent     30  10  349916 196220   8508 S   0.0   2.4   0:00.43 agent-leak-app-

top - 01:50:02 up  4:42,  0 users,  load average: 0.00, 0.00, 0.00
Tasks:   1 total,   0 running,   1 sleeping,   0 stopped,   0 zombie
%Cpu(s):  0.0 us,  0.0 sy,  0.0 ni,100.0 id,  0.0 wa,  0.0 hi,  0.0 si,  0.0 st
MiB Mem :   7934.4 total,   6527.4 free,    609.6 used,    797.3 buff/cache
MiB Swap:   1024.0 total,   1024.0 free,      0.0 used.   7150.9 avail Mem 

    PID USER      PR  NI    VIRT    RES    SHR S  %CPU  %MEM     TIME+ COMMAND
    802 agent     30  10  349916 196220   8508 S   0.0   2.4   0:00.43 agent-leak-app-

top - 01:50:02 up  4:42,  0 users,  load average: 0.00, 0.00, 0.00
Tasks:   1 total,   0 running,   1 sleeping,   0 stopped,   0 zombie
%Cpu(s):  0.6 us,  0.6 sy,  0.0 ni, 98.8 id,  0.0 wa,  0.0 hi,  0.0 si,  0.0 st
MiB Mem :   7934.4 total,   6527.4 free,    609.6 used,    797.3 buff/cache
MiB Swap:   1024.0 total,   1024.0 free,      0.0 used.   7150.9 avail Mem 

    PID USER      PR  NI    VIRT    RES    SHR S  %CPU  %MEM     TIME+ COMMAND
    802 agent     30  10  349916 196220   8508 S   0.0   2.4   0:00.43 agent-leak-app-

top - 01:50:02 up  4:42,  0 users,  load average: 0.00, 0.00, 0.00
Tasks:   1 total,   0 running,   1 sleeping,   0 stopped,   0 zombie
%Cpu(s):  0.0 us,  0.6 sy,  0.6 ni, 98.8 id,  0.0 wa,  0.0 hi,  0.0 si,  0.0 st
MiB Mem :   7934.4 total,   6527.4 free,    609.6 used,    797.3 buff/cache
MiB Swap:   1024.0 total,   1024.0 free,      0.0 used.   7150.9 avail Mem 

    PID USER      PR  NI    VIRT    RES    SHR S  %CPU  %MEM     TIME+ COMMAND
    802 agent     30  10  375520 221824   8508 S   4.8   2.7   0:00.44 agent-leak-app-

top - 01:50:02 up  4:42,  0 users,  load average: 0.00, 0.00, 0.00
Tasks:   1 total,   0 running,   1 sleeping,   0 stopped,   0 zombie
%Cpu(s):  0.0 us,  0.0 sy,  0.0 ni,100.0 id,  0.0 wa,  0.0 hi,  0.0 si,  0.0 st
MiB Mem :   7934.4 total,   6527.4 free,    609.6 used,    797.3 buff/cache
MiB Swap:   1024.0 total,   1024.0 free,      0.0 used.   7150.9 avail Mem 

    PID USER      PR  NI    VIRT    RES    SHR S  %CPU  %MEM     TIME+ COMMAND
    802 agent     30  10  375520 221824   8508 S   0.0   2.7   0:00.44 agent-leak-app-

top - 01:50:02 up  4:42,  0 users,  load average: 0.00, 0.00, 0.00
Tasks:   1 total,   0 running,   1 sleeping,   0 stopped,   0 zombie
%Cpu(s):  0.0 us,  0.0 sy,  0.0 ni,100.0 id,  0.0 wa,  0.0 hi,  0.0 si,  0.0 st
MiB Mem :   7934.4 total,   6527.4 free,    609.6 used,    797.3 buff/cache
MiB Swap:   1024.0 total,   1024.0 free,      0.0 used.   7150.9 avail Mem 

    PID USER      PR  NI    VIRT    RES    SHR S  %CPU  %MEM     TIME+ COMMAND
    802 agent     30  10  375520 221824   8508 S   0.0   2.7   0:00.44 agent-leak-app-

top - 01:50:03 up  4:42,  0 users,  load average: 0.00, 0.00, 0.00
Tasks:   1 total,   0 running,   1 sleeping,   0 stopped,   0 zombie
%Cpu(s):  0.0 us,  0.0 sy,  1.2 ni, 98.8 id,  0.0 wa,  0.0 hi,  0.0 si,  0.0 st
MiB Mem :   7934.4 total,   6527.4 free,    609.6 used,    797.3 buff/cache
MiB Swap:   1024.0 total,   1024.0 free,      0.0 used.   7150.9 avail Mem 

    PID USER      PR  NI    VIRT    RES    SHR S  %CPU  %MEM     TIME+ COMMAND
    802 agent     30  10  375520 221824   8508 S  20.0   2.7   0:00.48 agent-leak-app-

top - 01:50:03 up  4:42,  0 users,  load average: 0.00, 0.00, 0.00
Tasks:   1 total,   0 running,   1 sleeping,   0 stopped,   0 zombie
%Cpu(s):  0.0 us,  0.0 sy,  0.0 ni,100.0 id,  0.0 wa,  0.0 hi,  0.0 si,  0.0 st
MiB Mem :   7934.4 total,   6527.4 free,    609.6 used,    797.3 buff/cache
MiB Swap:   1024.0 total,   1024.0 free,      0.0 used.   7150.9 avail Mem 

    PID USER      PR  NI    VIRT    RES    SHR S  %CPU  %MEM     TIME+ COMMAND
    802 agent     30  10  375520 221824   8508 S   0.0   2.7   0:00.48 agent-leak-app-

top - 01:50:03 up  4:42,  0 users,  load average: 0.00, 0.00, 0.00
Tasks:   1 total,   0 running,   1 sleeping,   0 stopped,   0 zombie
%Cpu(s):  1.8 us,  0.6 sy,  0.0 ni, 97.6 id,  0.0 wa,  0.0 hi,  0.0 si,  0.0 st
MiB Mem :   7934.4 total,   6527.4 free,    609.6 used,    797.3 buff/cache
MiB Swap:   1024.0 total,   1024.0 free,      0.0 used.   7150.9 avail Mem 

    PID USER      PR  NI    VIRT    RES    SHR S  %CPU  %MEM     TIME+ COMMAND
    802 agent     30  10  375520 221824   8508 S   0.0   2.7   0:00.48 agent-leak-app-

top - 01:50:03 up  4:42,  0 users,  load average: 0.00, 0.00, 0.00
Tasks:   1 total,   0 running,   1 sleeping,   0 stopped,   0 zombie
%Cpu(s):  0.0 us,  0.0 sy,  0.0 ni,100.0 id,  0.0 wa,  0.0 hi,  0.0 si,  0.0 st
MiB Mem :   7934.4 total,   6527.4 free,    609.6 used,    797.3 buff/cache
MiB Swap:   1024.0 total,   1024.0 free,      0.0 used.   7150.9 avail Mem 

    PID USER      PR  NI    VIRT    RES    SHR S  %CPU  %MEM     TIME+ COMMAND
    802 agent     30  10  375520 221824   8508 S   0.0   2.7   0:00.48 agent-leak-app-

top - 01:50:03 up  4:42,  0 users,  load average: 0.00, 0.00, 0.00
Tasks:   1 total,   0 running,   1 sleeping,   0 stopped,   0 zombie
%Cpu(s):  0.0 us,  0.0 sy,  0.0 ni,100.0 id,  0.0 wa,  0.0 hi,  0.0 si,  0.0 st
MiB Mem :   7934.4 total,   6527.4 free,    609.6 used,    797.3 buff/cache
MiB Swap:   1024.0 total,   1024.0 free,      0.0 used.   7150.9 avail Mem 

    PID USER      PR  NI    VIRT    RES    SHR S  %CPU  %MEM     TIME+ COMMAND
    802 agent     30  10  375520 221824   8508 S   0.0   2.7   0:00.48 agent-leak-app-

top - 01:50:04 up  4:42,  0 users,  load average: 0.00, 0.00, 0.00
Tasks:   1 total,   0 running,   1 sleeping,   0 stopped,   0 zombie
%Cpu(s):  0.0 us,  0.0 sy,  0.0 ni,100.0 id,  0.0 wa,  0.0 hi,  0.0 si,  0.0 st
MiB Mem :   7934.4 total,   6501.4 free,    635.6 used,    797.3 buff/cache
MiB Swap:   1024.0 total,   1024.0 free,      0.0 used.   7125.0 avail Mem 

    PID USER      PR  NI    VIRT    RES    SHR S  %CPU  %MEM     TIME+ COMMAND
    802 agent     30  10  375520 221824   8508 S   0.0   2.7   0:00.48 agent-leak-app-

top - 01:50:04 up  4:42,  0 users,  load average: 0.00, 0.00, 0.00
Tasks:   1 total,   0 running,   1 sleeping,   0 stopped,   0 zombie
%Cpu(s):  0.0 us,  0.6 sy,  0.0 ni, 99.4 id,  0.0 wa,  0.0 hi,  0.0 si,  0.0 st
MiB Mem :   7934.4 total,   6501.4 free,    635.6 used,    797.3 buff/cache
MiB Swap:   1024.0 total,   1024.0 free,      0.0 used.   7125.0 avail Mem 

    PID USER      PR  NI    VIRT    RES    SHR S  %CPU  %MEM     TIME+ COMMAND
    802 agent     30  10  375520 221824   8508 S   0.0   2.7   0:00.48 agent-leak-app-

top - 01:50:04 up  4:42,  0 users,  load average: 0.00, 0.00, 0.00
Tasks:   1 total,   0 running,   1 sleeping,   0 stopped,   0 zombie
%Cpu(s):  0.0 us,  0.0 sy,  0.0 ni,100.0 id,  0.0 wa,  0.0 hi,  0.0 si,  0.0 st
MiB Mem :   7934.4 total,   6501.4 free,    635.6 used,    797.3 buff/cache
MiB Swap:   1024.0 total,   1024.0 free,      0.0 used.   7125.0 avail Mem 

    PID USER      PR  NI    VIRT    RES    SHR S  %CPU  %MEM     TIME+ COMMAND
    802 agent     30  10  375520 221824   8508 S   0.0   2.7   0:00.48 agent-leak-app-

top - 01:50:04 up  4:42,  0 users,  load average: 0.00, 0.00, 0.00
Tasks:   1 total,   0 running,   1 sleeping,   0 stopped,   0 zombie
%Cpu(s):  0.0 us,  0.0 sy,  0.0 ni, 99.4 id,  0.0 wa,  0.0 hi,  0.6 si,  0.0 st
MiB Mem :   7934.4 total,   6501.4 free,    635.6 used,    797.3 buff/cache
MiB Swap:   1024.0 total,   1024.0 free,      0.0 used.   7125.0 avail Mem 

    PID USER      PR  NI    VIRT    RES    SHR S  %CPU  %MEM     TIME+ COMMAND
    802 agent     30  10  375520 221824   8508 S   0.0   2.7   0:00.48 agent-leak-app-

top - 01:50:04 up  4:42,  0 users,  load average: 0.00, 0.00, 0.00
Tasks:   1 total,   0 running,   1 sleeping,   0 stopped,   0 zombie
%Cpu(s):  0.6 us,  0.0 sy,  0.0 ni, 99.4 id,  0.0 wa,  0.0 hi,  0.0 si,  0.0 st
MiB Mem :   7934.4 total,   6501.4 free,    635.6 used,    797.3 buff/cache
MiB Swap:   1024.0 total,   1024.0 free,      0.0 used.   7125.0 avail Mem 

    PID USER      PR  NI    VIRT    RES    SHR S  %CPU  %MEM     TIME+ COMMAND
    802 agent     30  10  375520 221824   8508 S   0.0   2.7   0:00.48 agent-leak-app-

top - 01:50:05 up  4:42,  0 users,  load average: 0.00, 0.00, 0.00
Tasks:   1 total,   0 running,   1 sleeping,   0 stopped,   0 zombie
%Cpu(s):  0.0 us,  0.0 sy,  0.6 ni, 99.4 id,  0.0 wa,  0.0 hi,  0.0 si,  0.0 st
MiB Mem :   7934.4 total,   6501.4 free,    635.6 used,    797.3 buff/cache
MiB Swap:   1024.0 total,   1024.0 free,      0.0 used.   7125.0 avail Mem 

    PID USER      PR  NI    VIRT    RES    SHR S  %CPU  %MEM     TIME+ COMMAND
    802 agent     30  10  375520 221824   8508 S   0.0   2.7   0:00.48 agent-leak-app-

top - 01:50:05 up  4:42,  0 users,  load average: 0.00, 0.00, 0.00
Tasks:   1 total,   0 running,   1 sleeping,   0 stopped,   0 zombie
%Cpu(s):  0.0 us,  0.0 sy,  0.0 ni,100.0 id,  0.0 wa,  0.0 hi,  0.0 si,  0.0 st
MiB Mem :   7934.4 total,   6501.4 free,    635.6 used,    797.3 buff/cache
MiB Swap:   1024.0 total,   1024.0 free,      0.0 used.   7125.0 avail Mem 

    PID USER      PR  NI    VIRT    RES    SHR S  %CPU  %MEM     TIME+ COMMAND
    802 agent     30  10  375520 221824   8508 S   0.0   2.7   0:00.48 agent-leak-app-

top - 01:50:05 up  4:42,  0 users,  load average: 0.00, 0.00, 0.00
Tasks:   1 total,   0 running,   1 sleeping,   0 stopped,   0 zombie
%Cpu(s):  0.0 us,  2.4 sy,  0.0 ni, 97.6 id,  0.0 wa,  0.0 hi,  0.0 si,  0.0 st
MiB Mem :   7934.4 total,   6501.4 free,    635.6 used,    797.3 buff/cache
MiB Swap:   1024.0 total,   1024.0 free,      0.0 used.   7125.0 avail Mem 

    PID USER      PR  NI    VIRT    RES    SHR S  %CPU  %MEM     TIME+ COMMAND
    802 agent     30  10  401124 247428   8508 S  19.0   3.0   0:00.52 agent-leak-app-

top - 01:50:05 up  4:42,  0 users,  load average: 0.00, 0.00, 0.00
Tasks:   1 total,   0 running,   1 sleeping,   0 stopped,   0 zombie
%Cpu(s):  3.2 us,  2.5 sy,  0.0 ni, 94.3 id,  0.0 wa,  0.0 hi,  0.0 si,  0.0 st
MiB Mem :   7934.4 total,   6501.4 free,    635.6 used,    797.3 buff/cache
MiB Swap:   1024.0 total,   1024.0 free,      0.0 used.   7125.0 avail Mem 

    PID USER      PR  NI    VIRT    RES    SHR S  %CPU  %MEM     TIME+ COMMAND
    802 agent     30  10  401124 247428   8508 S   0.0   3.0   0:00.52 agent-leak-app-

top - 01:50:05 up  4:42,  0 users,  load average: 0.00, 0.00, 0.00
Tasks:   1 total,   0 running,   1 sleeping,   0 stopped,   0 zombie
%Cpu(s):  1.2 us,  0.6 sy,  0.0 ni, 98.2 id,  0.0 wa,  0.0 hi,  0.0 si,  0.0 st
MiB Mem :   7934.4 total,   6501.4 free,    635.6 used,    797.3 buff/cache
MiB Swap:   1024.0 total,   1024.0 free,      0.0 used.   7125.0 avail Mem 

    PID USER      PR  NI    VIRT    RES    SHR S  %CPU  %MEM     TIME+ COMMAND
    802 agent     30  10  401124 247428   8508 S   0.0   3.0   0:00.52 agent-leak-app-

top - 01:50:06 up  4:42,  0 users,  load average: 0.00, 0.00, 0.00
Tasks:   1 total,   0 running,   1 sleeping,   0 stopped,   0 zombie
%Cpu(s):  0.0 us,  0.0 sy,  1.8 ni, 98.2 id,  0.0 wa,  0.0 hi,  0.0 si,  0.0 st
MiB Mem :   7934.4 total,   6501.4 free,    635.6 used,    797.3 buff/cache
MiB Swap:   1024.0 total,   1024.0 free,      0.0 used.   7125.0 avail Mem 

    PID USER      PR  NI    VIRT    RES    SHR S  %CPU  %MEM     TIME+ COMMAND
    802 agent     30  10  401124 247428   8508 S  15.0   3.0   0:00.55 agent-leak-app-

top - 01:50:06 up  4:42,  0 users,  load average: 0.00, 0.00, 0.00
Tasks:   1 total,   0 running,   1 sleeping,   0 stopped,   0 zombie
%Cpu(s):  0.0 us,  0.0 sy,  0.0 ni,100.0 id,  0.0 wa,  0.0 hi,  0.0 si,  0.0 st
MiB Mem :   7934.4 total,   6501.4 free,    635.6 used,    797.3 buff/cache
MiB Swap:   1024.0 total,   1024.0 free,      0.0 used.   7125.0 avail Mem 

    PID USER      PR  NI    VIRT    RES    SHR S  %CPU  %MEM     TIME+ COMMAND
    802 agent     30  10  401124 247428   8508 S   0.0   3.0   0:00.55 agent-leak-app-

top - 01:50:06 up  4:42,  0 users,  load average: 0.00, 0.00, 0.00
Tasks:   1 total,   0 running,   1 sleeping,   0 stopped,   0 zombie
%Cpu(s):  0.0 us,  0.0 sy,  0.0 ni,100.0 id,  0.0 wa,  0.0 hi,  0.0 si,  0.0 st
MiB Mem :   7934.4 total,   6501.4 free,    635.6 used,    797.3 buff/cache
MiB Swap:   1024.0 total,   1024.0 free,      0.0 used.   7125.0 avail Mem 

    PID USER      PR  NI    VIRT    RES    SHR S  %CPU  %MEM     TIME+ COMMAND
    802 agent     30  10  401124 247428   8508 S   0.0   3.0   0:00.55 agent-leak-app-

top - 01:50:06 up  4:42,  0 users,  load average: 0.00, 0.00, 0.00
Tasks:   1 total,   0 running,   1 sleeping,   0 stopped,   0 zombie
%Cpu(s):  0.0 us,  0.0 sy,  0.0 ni,100.0 id,  0.0 wa,  0.0 hi,  0.0 si,  0.0 st
MiB Mem :   7934.4 total,   6501.4 free,    635.6 used,    797.3 buff/cache
MiB Swap:   1024.0 total,   1024.0 free,      0.0 used.   7125.0 avail Mem 

    PID USER      PR  NI    VIRT    RES    SHR S  %CPU  %MEM     TIME+ COMMAND
    802 agent     30  10  401124 247428   8508 S   0.0   3.0   0:00.55 agent-leak-app-

top - 01:50:06 up  4:42,  0 users,  load average: 0.00, 0.00, 0.00
Tasks:   1 total,   0 running,   1 sleeping,   0 stopped,   0 zombie
%Cpu(s):  0.0 us,  0.0 sy,  0.0 ni,100.0 id,  0.0 wa,  0.0 hi,  0.0 si,  0.0 st
MiB Mem :   7934.4 total,   6501.4 free,    635.6 used,    797.3 buff/cache
MiB Swap:   1024.0 total,   1024.0 free,      0.0 used.   7125.0 avail Mem 

    PID USER      PR  NI    VIRT    RES    SHR S  %CPU  %MEM     TIME+ COMMAND
    802 agent     30  10  401124 247428   8508 S   0.0   3.0   0:00.55 agent-leak-app-

top - 01:50:07 up  4:42,  0 users,  load average: 0.00, 0.00, 0.00
Tasks:   1 total,   0 running,   1 sleeping,   0 stopped,   0 zombie
%Cpu(s):  0.0 us,  0.0 sy,  0.0 ni,100.0 id,  0.0 wa,  0.0 hi,  0.0 si,  0.0 st
MiB Mem :   7934.4 total,   6464.9 free,    672.1 used,    797.4 buff/cache
MiB Swap:   1024.0 total,   1024.0 free,      0.0 used.   7088.5 avail Mem 

    PID USER      PR  NI    VIRT    RES    SHR S  %CPU  %MEM     TIME+ COMMAND
    802 agent     30  10  401124 247428   8508 S   0.0   3.0   0:00.55 agent-leak-app-

top - 01:50:07 up  4:42,  0 users,  load average: 0.00, 0.00, 0.00
Tasks:   1 total,   0 running,   1 sleeping,   0 stopped,   0 zombie
%Cpu(s):  0.0 us,  0.0 sy,  0.0 ni,100.0 id,  0.0 wa,  0.0 hi,  0.0 si,  0.0 st
MiB Mem :   7934.4 total,   6464.9 free,    672.1 used,    797.4 buff/cache
MiB Swap:   1024.0 total,   1024.0 free,      0.0 used.   7088.5 avail Mem 

    PID USER      PR  NI    VIRT    RES    SHR S  %CPU  %MEM     TIME+ COMMAND
    802 agent     30  10  401124 247428   8508 S   0.0   3.0   0:00.55 agent-leak-app-

top - 01:50:07 up  4:42,  0 users,  load average: 0.00, 0.00, 0.00
Tasks:   1 total,   0 running,   1 sleeping,   0 stopped,   0 zombie
%Cpu(s):  0.0 us,  0.0 sy,  0.0 ni,100.0 id,  0.0 wa,  0.0 hi,  0.0 si,  0.0 st
MiB Mem :   7934.4 total,   6464.9 free,    672.1 used,    797.4 buff/cache
MiB Swap:   1024.0 total,   1024.0 free,      0.0 used.   7088.5 avail Mem 

    PID USER      PR  NI    VIRT    RES    SHR S  %CPU  %MEM     TIME+ COMMAND
    802 agent     30  10  401124 247428   8508 S   0.0   3.0   0:00.55 agent-leak-app-

top - 01:50:07 up  4:42,  0 users,  load average: 0.00, 0.00, 0.00
Tasks:   1 total,   0 running,   1 sleeping,   0 stopped,   0 zombie
%Cpu(s):  0.0 us,  0.0 sy,  0.0 ni,100.0 id,  0.0 wa,  0.0 hi,  0.0 si,  0.0 st
MiB Mem :   7934.4 total,   6464.9 free,    672.1 used,    797.4 buff/cache
MiB Swap:   1024.0 total,   1024.0 free,      0.0 used.   7088.5 avail Mem 

    PID USER      PR  NI    VIRT    RES    SHR S  %CPU  %MEM     TIME+ COMMAND
    802 agent     30  10  401124 247428   8508 S   0.0   3.0   0:00.55 agent-leak-app-

top - 01:50:07 up  4:42,  0 users,  load average: 0.00, 0.00, 0.00
Tasks:   1 total,   0 running,   1 sleeping,   0 stopped,   0 zombie
%Cpu(s):  0.0 us,  0.0 sy,  0.0 ni,100.0 id,  0.0 wa,  0.0 hi,  0.0 si,  0.0 st
MiB Mem :   7934.4 total,   6464.9 free,    672.1 used,    797.4 buff/cache
MiB Swap:   1024.0 total,   1024.0 free,      0.0 used.   7088.5 avail Mem 

    PID USER      PR  NI    VIRT    RES    SHR S  %CPU  %MEM     TIME+ COMMAND
    802 agent     30  10  401124 247428   8508 S   0.0   3.0   0:00.55 agent-leak-app-

top - 01:50:08 up  4:42,  0 users,  load average: 0.00, 0.00, 0.00
Tasks:   1 total,   0 running,   1 sleeping,   0 stopped,   0 zombie
%Cpu(s):  0.0 us,  0.0 sy,  0.0 ni,100.0 id,  0.0 wa,  0.0 hi,  0.0 si,  0.0 st
MiB Mem :   7934.4 total,   6464.9 free,    672.1 used,    797.4 buff/cache
MiB Swap:   1024.0 total,   1024.0 free,      0.0 used.   7088.5 avail Mem 

    PID USER      PR  NI    VIRT    RES    SHR S  %CPU  %MEM     TIME+ COMMAND
    802 agent     30  10  401124 247428   8508 S   0.0   3.0   0:00.55 agent-leak-app-

top - 01:50:08 up  4:42,  0 users,  load average: 0.00, 0.00, 0.00
Tasks:   1 total,   0 running,   1 sleeping,   0 stopped,   0 zombie
%Cpu(s):  0.0 us,  0.0 sy,  0.0 ni,100.0 id,  0.0 wa,  0.0 hi,  0.0 si,  0.0 st
MiB Mem :   7934.4 total,   6464.9 free,    672.1 used,    797.4 buff/cache
MiB Swap:   1024.0 total,   1024.0 free,      0.0 used.   7088.5 avail Mem 

    PID USER      PR  NI    VIRT    RES    SHR S  %CPU  %MEM     TIME+ COMMAND
    802 agent     30  10  401124 247428   8508 S   0.0   3.0   0:00.55 agent-leak-app-

top - 01:50:08 up  4:42,  0 users,  load average: 0.00, 0.00, 0.00
Tasks:   1 total,   0 running,   1 sleeping,   0 stopped,   0 zombie
%Cpu(s):  0.0 us,  1.2 sy,  0.0 ni, 98.8 id,  0.0 wa,  0.0 hi,  0.0 si,  0.0 st
MiB Mem :   7934.4 total,   6464.9 free,    672.1 used,    797.4 buff/cache
MiB Swap:   1024.0 total,   1024.0 free,      0.0 used.   7088.5 avail Mem 

    PID USER      PR  NI    VIRT    RES    SHR S  %CPU  %MEM     TIME+ COMMAND
    802 agent     30  10  426728 273032   8508 S   5.0   3.4   0:00.56 agent-leak-app-

top - 01:50:08 up  4:42,  0 users,  load average: 0.00, 0.00, 0.00
Tasks:   1 total,   0 running,   1 sleeping,   0 stopped,   0 zombie
%Cpu(s):  0.0 us,  1.2 sy,  0.0 ni, 98.8 id,  0.0 wa,  0.0 hi,  0.0 si,  0.0 st
MiB Mem :   7934.4 total,   6464.9 free,    672.1 used,    797.4 buff/cache
MiB Swap:   1024.0 total,   1024.0 free,      0.0 used.   7088.5 avail Mem 

    PID USER      PR  NI    VIRT    RES    SHR S  %CPU  %MEM     TIME+ COMMAND
    802 agent     30  10  426728 273032   8508 S   0.0   3.4   0:00.56 agent-leak-app-

top - 01:50:08 up  4:42,  0 users,  load average: 0.00, 0.00, 0.00
Tasks:   1 total,   0 running,   1 sleeping,   0 stopped,   0 zombie
%Cpu(s):  0.6 us,  0.0 sy,  0.0 ni, 99.4 id,  0.0 wa,  0.0 hi,  0.0 si,  0.0 st
MiB Mem :   7934.4 total,   6464.9 free,    672.1 used,    797.4 buff/cache
MiB Swap:   1024.0 total,   1024.0 free,      0.0 used.   7088.5 avail Mem 

    PID USER      PR  NI    VIRT    RES    SHR S  %CPU  %MEM     TIME+ COMMAND
    802 agent     30  10  426728 273032   8508 S   0.0   3.4   0:00.56 agent-leak-app-

top - 01:50:09 up  4:42,  0 users,  load average: 0.00, 0.00, 0.00
Tasks:   1 total,   0 running,   1 sleeping,   0 stopped,   0 zombie
%Cpu(s):  0.0 us,  0.0 sy,  1.2 ni, 98.8 id,  0.0 wa,  0.0 hi,  0.0 si,  0.0 st
MiB Mem :   7934.4 total,   6464.9 free,    672.1 used,    797.4 buff/cache
MiB Swap:   1024.0 total,   1024.0 free,      0.0 used.   7088.5 avail Mem 

    PID USER      PR  NI    VIRT    RES    SHR S  %CPU  %MEM     TIME+ COMMAND
    802 agent     30  10  426728 273032   8508 S  15.0   3.4   0:00.59 agent-leak-app-

top - 01:50:09 up  4:42,  0 users,  load average: 0.00, 0.00, 0.00
Tasks:   1 total,   0 running,   1 sleeping,   0 stopped,   0 zombie
%Cpu(s):  0.0 us,  0.0 sy,  0.0 ni,100.0 id,  0.0 wa,  0.0 hi,  0.0 si,  0.0 st
MiB Mem :   7934.4 total,   6464.9 free,    672.1 used,    797.4 buff/cache
MiB Swap:   1024.0 total,   1024.0 free,      0.0 used.   7088.5 avail Mem 

    PID USER      PR  NI    VIRT    RES    SHR S  %CPU  %MEM     TIME+ COMMAND
    802 agent     30  10  426728 273032   8508 S   0.0   3.4   0:00.59 agent-leak-app-

top - 01:50:09 up  4:42,  0 users,  load average: 0.00, 0.00, 0.00
Tasks:   1 total,   0 running,   1 sleeping,   0 stopped,   0 zombie
%Cpu(s):  0.0 us,  0.0 sy,  0.0 ni,100.0 id,  0.0 wa,  0.0 hi,  0.0 si,  0.0 st
MiB Mem :   7934.4 total,   6464.9 free,    672.1 used,    797.4 buff/cache
MiB Swap:   1024.0 total,   1024.0 free,      0.0 used.   7088.5 avail Mem 

    PID USER      PR  NI    VIRT    RES    SHR S  %CPU  %MEM     TIME+ COMMAND
    802 agent     30  10  426728 273032   8508 S   0.0   3.4   0:00.59 agent-leak-app-

top - 01:50:09 up  4:42,  0 users,  load average: 0.00, 0.00, 0.00
Tasks:   1 total,   0 running,   1 sleeping,   0 stopped,   0 zombie
%Cpu(s):  1.9 us,  1.2 sy,  0.0 ni, 95.7 id,  0.0 wa,  0.0 hi,  1.2 si,  0.0 st
MiB Mem :   7934.4 total,   6464.9 free,    672.1 used,    797.4 buff/cache
MiB Swap:   1024.0 total,   1024.0 free,      0.0 used.   7088.5 avail Mem 

    PID USER      PR  NI    VIRT    RES    SHR S  %CPU  %MEM     TIME+ COMMAND
    802 agent     30  10  426728 273032   8508 S   0.0   3.4   0:00.59 agent-leak-app-

top - 01:50:09 up  4:42,  0 users,  load average: 0.00, 0.00, 0.00
Tasks:   1 total,   0 running,   1 sleeping,   0 stopped,   0 zombie
%Cpu(s):  0.0 us,  0.0 sy,  0.0 ni,100.0 id,  0.0 wa,  0.0 hi,  0.0 si,  0.0 st
MiB Mem :   7934.4 total,   6464.9 free,    672.1 used,    797.4 buff/cache
MiB Swap:   1024.0 total,   1024.0 free,      0.0 used.   7088.5 avail Mem 

    PID USER      PR  NI    VIRT    RES    SHR S  %CPU  %MEM     TIME+ COMMAND
    802 agent     30  10  426728 273032   8508 S   0.0   3.4   0:00.59 agent-leak-app-

top - 01:50:10 up  4:42,  0 users,  load average: 0.00, 0.00, 0.00
Tasks:   1 total,   0 running,   1 sleeping,   0 stopped,   0 zombie
%Cpu(s):  0.0 us,  0.0 sy,  0.0 ni,100.0 id,  0.0 wa,  0.0 hi,  0.0 si,  0.0 st
MiB Mem :   7934.4 total,   6448.9 free,    688.1 used,    797.4 buff/cache
MiB Swap:   1024.0 total,   1024.0 free,      0.0 used.   7072.5 avail Mem 

    PID USER      PR  NI    VIRT    RES    SHR S  %CPU  %MEM     TIME+ COMMAND
    802 agent     30  10  426728 273032   8508 S   0.0   3.4   0:00.59 agent-leak-app-

top - 01:50:10 up  4:42,  0 users,  load average: 0.00, 0.00, 0.00
Tasks:   1 total,   0 running,   1 sleeping,   0 stopped,   0 zombie
%Cpu(s):  0.0 us,  0.0 sy,  0.0 ni,100.0 id,  0.0 wa,  0.0 hi,  0.0 si,  0.0 st
MiB Mem :   7934.4 total,   6448.9 free,    688.1 used,    797.4 buff/cache
MiB Swap:   1024.0 total,   1024.0 free,      0.0 used.   7072.5 avail Mem 

    PID USER      PR  NI    VIRT    RES    SHR S  %CPU  %MEM     TIME+ COMMAND
    802 agent     30  10  426728 273032   8508 S   0.0   3.4   0:00.59 agent-leak-app-

top - 01:50:10 up  4:42,  0 users,  load average: 0.00, 0.00, 0.00
Tasks:   1 total,   0 running,   1 sleeping,   0 stopped,   0 zombie
%Cpu(s):  0.6 us,  0.6 sy,  0.0 ni, 98.8 id,  0.0 wa,  0.0 hi,  0.0 si,  0.0 st
MiB Mem :   7934.4 total,   6448.9 free,    688.1 used,    797.4 buff/cache
MiB Swap:   1024.0 total,   1024.0 free,      0.0 used.   7072.5 avail Mem 

    PID USER      PR  NI    VIRT    RES    SHR S  %CPU  %MEM     TIME+ COMMAND
    802 agent     30  10  426728 273032   8508 S   0.0   3.4   0:00.59 agent-leak-app-

top - 01:50:10 up  4:42,  0 users,  load average: 0.00, 0.00, 0.00
Tasks:   1 total,   0 running,   1 sleeping,   0 stopped,   0 zombie
%Cpu(s):  0.0 us,  0.0 sy,  0.0 ni,100.0 id,  0.0 wa,  0.0 hi,  0.0 si,  0.0 st
MiB Mem :   7934.4 total,   6448.9 free,    688.1 used,    797.4 buff/cache
MiB Swap:   1024.0 total,   1024.0 free,      0.0 used.   7072.5 avail Mem 

    PID USER      PR  NI    VIRT    RES    SHR S  %CPU  %MEM     TIME+ COMMAND
    802 agent     30  10  426728 273032   8508 S   0.0   3.4   0:00.59 agent-leak-app-

top - 01:50:11 up  4:42,  0 users,  load average: 0.00, 0.00, 0.00
Tasks:   1 total,   0 running,   1 sleeping,   0 stopped,   0 zombie
%Cpu(s):  0.0 us,  0.0 sy,  0.0 ni,100.0 id,  0.0 wa,  0.0 hi,  0.0 si,  0.0 st
MiB Mem :   7934.4 total,   6448.9 free,    688.1 used,    797.4 buff/cache
MiB Swap:   1024.0 total,   1024.0 free,      0.0 used.   7072.5 avail Mem 

    PID USER      PR  NI    VIRT    RES    SHR S  %CPU  %MEM     TIME+ COMMAND
    802 agent     30  10  426728 273032   8508 S   0.0   3.4   0:00.59 agent-leak-app-

top - 01:50:11 up  4:42,  0 users,  load average: 0.00, 0.00, 0.00
Tasks:   1 total,   0 running,   1 sleeping,   0 stopped,   0 zombie
%Cpu(s):  0.0 us,  0.6 sy,  0.0 ni, 98.2 id,  1.2 wa,  0.0 hi,  0.0 si,  0.0 st
MiB Mem :   7934.4 total,   6448.9 free,    688.1 used,    797.4 buff/cache
MiB Swap:   1024.0 total,   1024.0 free,      0.0 used.   7072.5 avail Mem 

    PID USER      PR  NI    VIRT    RES    SHR S  %CPU  %MEM     TIME+ COMMAND
    802 agent     30  10  426728 273032   8508 S   0.0   3.4   0:00.59 agent-leak-app-

top - 01:50:11 up  4:42,  0 users,  load average: 0.00, 0.00, 0.00
Tasks:   1 total,   0 running,   1 sleeping,   0 stopped,   0 zombie
%Cpu(s):  0.0 us,  0.0 sy,  0.0 ni,100.0 id,  0.0 wa,  0.0 hi,  0.0 si,  0.0 st
MiB Mem :   7934.4 total,   6448.9 free,    688.1 used,    797.4 buff/cache
MiB Swap:   1024.0 total,   1024.0 free,      0.0 used.   7072.5 avail Mem 

    PID USER      PR  NI    VIRT    RES    SHR S  %CPU  %MEM     TIME+ COMMAND
    802 agent     30  10  426728 273032   8508 S   0.0   3.4   0:00.59 agent-leak-app-

top - 01:50:11 up  4:42,  0 users,  load average: 0.00, 0.00, 0.00
Tasks:   1 total,   0 running,   1 sleeping,   0 stopped,   0 zombie
%Cpu(s):  0.0 us,  1.2 sy,  0.6 ni, 98.2 id,  0.0 wa,  0.0 hi,  0.0 si,  0.0 st
MiB Mem :   7934.4 total,   6448.9 free,    688.1 used,    797.4 buff/cache
MiB Swap:   1024.0 total,   1024.0 free,      0.0 used.   7072.5 avail Mem 

    PID USER      PR  NI    VIRT    RES    SHR S  %CPU  %MEM     TIME+ COMMAND
    802 agent     30  10  452332 298636   8508 S   9.5   3.7   0:00.61 agent-leak-app-

top - 01:50:11 up  4:42,  0 users,  load average: 0.00, 0.00, 0.00
Tasks:   1 total,   0 running,   1 sleeping,   0 stopped,   0 zombie
%Cpu(s):  1.2 us,  0.6 sy,  0.0 ni, 97.6 id,  0.0 wa,  0.0 hi,  0.6 si,  0.0 st
MiB Mem :   7934.4 total,   6448.9 free,    688.1 used,    797.4 buff/cache
MiB Swap:   1024.0 total,   1024.0 free,      0.0 used.   7072.5 avail Mem 

    PID USER      PR  NI    VIRT    RES    SHR S  %CPU  %MEM     TIME+ COMMAND
    802 agent     30  10  452332 298636   8508 S   0.0   3.7   0:00.61 agent-leak-app-

top - 01:50:12 up  4:42,  0 users,  load average: 0.00, 0.00, 0.00
Tasks:   1 total,   0 running,   1 sleeping,   0 stopped,   0 zombie
%Cpu(s):  0.0 us,  0.0 sy,  0.0 ni,100.0 id,  0.0 wa,  0.0 hi,  0.0 si,  0.0 st
MiB Mem :   7934.4 total,   6448.9 free,    688.1 used,    797.4 buff/cache
MiB Swap:   1024.0 total,   1024.0 free,      0.0 used.   7072.5 avail Mem 

    PID USER      PR  NI    VIRT    RES    SHR S  %CPU  %MEM     TIME+ COMMAND
    802 agent     30  10  452332 298636   8508 S   0.0   3.7   0:00.61 agent-leak-app-

top - 01:50:12 up  4:42,  0 users,  load average: 0.00, 0.00, 0.00
Tasks:   1 total,   0 running,   1 sleeping,   0 stopped,   0 zombie
%Cpu(s):  0.0 us,  0.0 sy,  0.0 ni,100.0 id,  0.0 wa,  0.0 hi,  0.0 si,  0.0 st
MiB Mem :   7934.4 total,   6448.9 free,    688.1 used,    797.4 buff/cache
MiB Swap:   1024.0 total,   1024.0 free,      0.0 used.   7072.5 avail Mem 

    PID USER      PR  NI    VIRT    RES    SHR S  %CPU  %MEM     TIME+ COMMAND
    802 agent     30  10  452332 298636   8508 S   0.0   3.7   0:00.61 agent-leak-app-

top - 01:50:12 up  4:42,  0 users,  load average: 0.00, 0.00, 0.00
Tasks:   1 total,   0 running,   1 sleeping,   0 stopped,   0 zombie
%Cpu(s):  0.0 us,  0.0 sy,  0.6 ni, 99.4 id,  0.0 wa,  0.0 hi,  0.0 si,  0.0 st
MiB Mem :   7934.4 total,   6448.9 free,    688.1 used,    797.4 buff/cache
MiB Swap:   1024.0 total,   1024.0 free,      0.0 used.   7072.5 avail Mem 

    PID USER      PR  NI    VIRT    RES    SHR S  %CPU  %MEM     TIME+ COMMAND
    802 agent     30  10  452332 298636   8508 S   9.5   3.7   0:00.63 agent-leak-app-

top - 01:50:12 up  4:42,  0 users,  load average: 0.00, 0.00, 0.00
Tasks:   1 total,   0 running,   1 sleeping,   0 stopped,   0 zombie
%Cpu(s):  0.0 us,  0.0 sy,  0.0 ni,100.0 id,  0.0 wa,  0.0 hi,  0.0 si,  0.0 st
MiB Mem :   7934.4 total,   6448.9 free,    688.1 used,    797.4 buff/cache
MiB Swap:   1024.0 total,   1024.0 free,      0.0 used.   7072.5 avail Mem 

    PID USER      PR  NI    VIRT    RES    SHR S  %CPU  %MEM     TIME+ COMMAND
    802 agent     30  10  452332 298636   8508 S   0.0   3.7   0:00.63 agent-leak-app-

top - 01:50:12 up  4:42,  0 users,  load average: 0.00, 0.00, 0.00
Tasks:   1 total,   0 running,   1 sleeping,   0 stopped,   0 zombie
%Cpu(s):  0.0 us,  0.0 sy,  0.0 ni,100.0 id,  0.0 wa,  0.0 hi,  0.0 si,  0.0 st
MiB Mem :   7934.4 total,   6448.9 free,    688.1 used,    797.4 buff/cache
MiB Swap:   1024.0 total,   1024.0 free,      0.0 used.   7072.5 avail Mem 

    PID USER      PR  NI    VIRT    RES    SHR S  %CPU  %MEM     TIME+ COMMAND
    802 agent     30  10  452332 298636   8508 S   0.0   3.7   0:00.63 agent-leak-app-

top - 01:50:13 up  4:42,  0 users,  load average: 0.00, 0.00, 0.00
Tasks:   1 total,   0 running,   1 sleeping,   0 stopped,   0 zombie
%Cpu(s):  0.0 us,  0.0 sy,  0.0 ni,100.0 id,  0.0 wa,  0.0 hi,  0.0 si,  0.0 st
MiB Mem :   7934.4 total,   6424.7 free,    712.3 used,    797.4 buff/cache
MiB Swap:   1024.0 total,   1024.0 free,      0.0 used.   7048.3 avail Mem 

    PID USER      PR  NI    VIRT    RES    SHR S  %CPU  %MEM     TIME+ COMMAND
    802 agent     30  10  452332 298636   8508 S   0.0   3.7   0:00.63 agent-leak-app-

top - 01:50:13 up  4:42,  0 users,  load average: 0.00, 0.00, 0.00
Tasks:   1 total,   0 running,   1 sleeping,   0 stopped,   0 zombie
%Cpu(s):  0.0 us,  0.0 sy,  0.0 ni,100.0 id,  0.0 wa,  0.0 hi,  0.0 si,  0.0 st
MiB Mem :   7934.4 total,   6424.7 free,    712.3 used,    797.4 buff/cache
MiB Swap:   1024.0 total,   1024.0 free,      0.0 used.   7048.3 avail Mem 

    PID USER      PR  NI    VIRT    RES    SHR S  %CPU  %MEM     TIME+ COMMAND
    802 agent     30  10  452332 298636   8508 S   0.0   3.7   0:00.63 agent-leak-app-

top - 01:50:13 up  4:42,  0 users,  load average: 0.00, 0.00, 0.00
Tasks:   1 total,   0 running,   1 sleeping,   0 stopped,   0 zombie
%Cpu(s):  0.0 us,  0.0 sy,  0.0 ni,100.0 id,  0.0 wa,  0.0 hi,  0.0 si,  0.0 st
MiB Mem :   7934.4 total,   6424.7 free,    712.3 used,    797.4 buff/cache
MiB Swap:   1024.0 total,   1024.0 free,      0.0 used.   7048.3 avail Mem 

    PID USER      PR  NI    VIRT    RES    SHR S  %CPU  %MEM     TIME+ COMMAND
    802 agent     30  10  452332 298636   8508 S   0.0   3.7   0:00.63 agent-leak-app-

top - 01:50:13 up  4:42,  0 users,  load average: 0.00, 0.00, 0.00
Tasks:   1 total,   0 running,   1 sleeping,   0 stopped,   0 zombie
%Cpu(s):  0.0 us,  0.0 sy,  0.0 ni,100.0 id,  0.0 wa,  0.0 hi,  0.0 si,  0.0 st
MiB Mem :   7934.4 total,   6424.7 free,    712.3 used,    797.4 buff/cache
MiB Swap:   1024.0 total,   1024.0 free,      0.0 used.   7048.3 avail Mem 

    PID USER      PR  NI    VIRT    RES    SHR S  %CPU  %MEM     TIME+ COMMAND
    802 agent     30  10  452332 298636   8508 S   0.0   3.7   0:00.63 agent-leak-app-

top - 01:50:13 up  4:42,  0 users,  load average: 0.00, 0.00, 0.00
Tasks:   1 total,   0 running,   1 sleeping,   0 stopped,   0 zombie
%Cpu(s):  0.0 us,  0.6 sy,  0.0 ni, 98.8 id,  0.0 wa,  0.0 hi,  0.6 si,  0.0 st
MiB Mem :   7934.4 total,   6424.7 free,    712.3 used,    797.4 buff/cache
MiB Swap:   1024.0 total,   1024.0 free,      0.0 used.   7048.3 avail Mem 

    PID USER      PR  NI    VIRT    RES    SHR S  %CPU  %MEM     TIME+ COMMAND
    802 agent     30  10  452332 298636   8508 S   0.0   3.7   0:00.63 agent-leak-app-

top - 01:50:14 up  4:42,  0 users,  load average: 0.00, 0.00, 0.00
Tasks:   1 total,   0 running,   1 sleeping,   0 stopped,   0 zombie
%Cpu(s):  0.0 us,  0.0 sy,  0.0 ni,100.0 id,  0.0 wa,  0.0 hi,  0.0 si,  0.0 st
MiB Mem :   7934.4 total,   6424.7 free,    712.3 used,    797.4 buff/cache
MiB Swap:   1024.0 total,   1024.0 free,      0.0 used.   7048.3 avail Mem 

    PID USER      PR  NI    VIRT    RES    SHR S  %CPU  %MEM     TIME+ COMMAND
    802 agent     30  10  452332 298636   8508 S   0.0   3.7   0:00.63 agent-leak-app-

top - 01:50:14 up  4:42,  0 users,  load average: 0.00, 0.00, 0.00
Tasks:   1 total,   0 running,   1 sleeping,   0 stopped,   0 zombie
%Cpu(s):  0.0 us,  0.0 sy,  0.0 ni,100.0 id,  0.0 wa,  0.0 hi,  0.0 si,  0.0 st
MiB Mem :   7934.4 total,   6424.7 free,    712.3 used,    797.4 buff/cache
MiB Swap:   1024.0 total,   1024.0 free,      0.0 used.   7048.3 avail Mem 

    PID USER      PR  NI    VIRT    RES    SHR S  %CPU  %MEM     TIME+ COMMAND
    802 agent     30  10  452332 298636   8508 S   0.0   3.7   0:00.63 agent-leak-app-

top - 01:50:14 up  4:42,  0 users,  load average: 0.00, 0.00, 0.00
Tasks:   1 total,   0 running,   1 sleeping,   0 stopped,   0 zombie
%Cpu(s):  0.0 us,  0.0 sy,  0.0 ni,100.0 id,  0.0 wa,  0.0 hi,  0.0 si,  0.0 st
MiB Mem :   7934.4 total,   6424.7 free,    712.3 used,    797.4 buff/cache
MiB Swap:   1024.0 total,   1024.0 free,      0.0 used.   7048.3 avail Mem 

    PID USER      PR  NI    VIRT    RES    SHR S  %CPU  %MEM     TIME+ COMMAND
    802 agent     30  10  452332 298636   8508 S   0.0   3.7   0:00.63 agent-leak-app-

top - 01:50:14 up  4:42,  0 users,  load average: 0.00, 0.00, 0.00
Tasks:   1 total,   0 running,   1 sleeping,   0 stopped,   0 zombie
%Cpu(s):  0.6 us,  1.8 sy,  0.6 ni, 97.0 id,  0.0 wa,  0.0 hi,  0.0 si,  0.0 st
MiB Mem :   7934.4 total,   6424.7 free,    712.3 used,    797.4 buff/cache
MiB Swap:   1024.0 total,   1024.0 free,      0.0 used.   7048.3 avail Mem 

    PID USER      PR  NI    VIRT    RES    SHR S  %CPU  %MEM     TIME+ COMMAND
    802 agent     30  10  477936 324240   8508 S  14.3   4.0   0:00.66 agent-leak-app-

top - 01:50:14 up  4:42,  0 users,  load average: 0.00, 0.00, 0.00
Tasks:   1 total,   0 running,   1 sleeping,   0 stopped,   0 zombie
%Cpu(s):  0.0 us,  0.0 sy,  0.0 ni,100.0 id,  0.0 wa,  0.0 hi,  0.0 si,  0.0 st
MiB Mem :   7934.4 total,   6424.7 free,    712.3 used,    797.4 buff/cache
MiB Swap:   1024.0 total,   1024.0 free,      0.0 used.   7048.3 avail Mem 

    PID USER      PR  NI    VIRT    RES    SHR S  %CPU  %MEM     TIME+ COMMAND
    802 agent     30  10  477936 324240   8508 S   0.0   4.0   0:00.66 agent-leak-app-

top - 01:50:15 up  4:42,  0 users,  load average: 0.00, 0.00, 0.00
Tasks:   1 total,   0 running,   1 sleeping,   0 stopped,   0 zombie
%Cpu(s):  0.0 us,  0.0 sy,  0.0 ni,100.0 id,  0.0 wa,  0.0 hi,  0.0 si,  0.0 st
MiB Mem :   7934.4 total,   6424.7 free,    712.3 used,    797.4 buff/cache
MiB Swap:   1024.0 total,   1024.0 free,      0.0 used.   7048.3 avail Mem 

    PID USER      PR  NI    VIRT    RES    SHR S  %CPU  %MEM     TIME+ COMMAND
    802 agent     30  10  477936 324240   8508 S   0.0   4.0   0:00.66 agent-leak-app-

top - 01:50:15 up  4:42,  0 users,  load average: 0.00, 0.00, 0.00
Tasks:   1 total,   0 running,   1 sleeping,   0 stopped,   0 zombie
%Cpu(s):  0.0 us,  0.0 sy,  0.0 ni,100.0 id,  0.0 wa,  0.0 hi,  0.0 si,  0.0 st
MiB Mem :   7934.4 total,   6424.7 free,    712.3 used,    797.4 buff/cache
MiB Swap:   1024.0 total,   1024.0 free,      0.0 used.   7048.3 avail Mem 

    PID USER      PR  NI    VIRT    RES    SHR S  %CPU  %MEM     TIME+ COMMAND
    802 agent     30  10  477936 324240   8508 S   0.0   4.0   0:00.66 agent-leak-app-

top - 01:50:15 up  4:42,  0 users,  load average: 0.00, 0.00, 0.00
Tasks:   1 total,   0 running,   1 sleeping,   0 stopped,   0 zombie
%Cpu(s):  0.0 us,  0.0 sy,  0.6 ni, 99.4 id,  0.0 wa,  0.0 hi,  0.0 si,  0.0 st
MiB Mem :   7934.4 total,   6424.7 free,    712.3 used,    797.4 buff/cache
MiB Swap:   1024.0 total,   1024.0 free,      0.0 used.   7048.3 avail Mem 

    PID USER      PR  NI    VIRT    RES    SHR S  %CPU  %MEM     TIME+ COMMAND
    802 agent     30  10  477936 324240   8508 S   5.0   4.0   0:00.67 agent-leak-app-

top - 01:50:15 up  4:42,  0 users,  load average: 0.00, 0.00, 0.00
Tasks:   1 total,   0 running,   1 sleeping,   0 stopped,   0 zombie
%Cpu(s):  1.2 us,  1.2 sy,  0.0 ni, 97.5 id,  0.0 wa,  0.0 hi,  0.0 si,  0.0 st
MiB Mem :   7934.4 total,   6424.7 free,    712.3 used,    797.4 buff/cache
MiB Swap:   1024.0 total,   1024.0 free,      0.0 used.   7048.3 avail Mem 

    PID USER      PR  NI    VIRT    RES    SHR S  %CPU  %MEM     TIME+ COMMAND
    802 agent     30  10  477936 324240   8508 S   0.0   4.0   0:00.67 agent-leak-app-

top - 01:50:15 up  4:42,  0 users,  load average: 0.00, 0.00, 0.00
Tasks:   1 total,   0 running,   1 sleeping,   0 stopped,   0 zombie
%Cpu(s):  1.8 us,  4.2 sy,  0.0 ni, 93.4 id,  0.0 wa,  0.0 hi,  0.6 si,  0.0 st
MiB Mem :   7934.4 total,   6424.7 free,    712.3 used,    797.4 buff/cache
MiB Swap:   1024.0 total,   1024.0 free,      0.0 used.   7048.3 avail Mem 

    PID USER      PR  NI    VIRT    RES    SHR S  %CPU  %MEM     TIME+ COMMAND
    802 agent     30  10  477936 324240   8508 S   0.0   4.0   0:00.67 agent-leak-app-

top - 01:50:16 up  4:42,  0 users,  load average: 0.00, 0.00, 0.00
Tasks:   1 total,   0 running,   1 sleeping,   0 stopped,   0 zombie
%Cpu(s):  0.0 us,  0.0 sy,  0.0 ni,100.0 id,  0.0 wa,  0.0 hi,  0.0 si,  0.0 st
MiB Mem :   7934.4 total,   6382.5 free,    754.4 used,    797.4 buff/cache
MiB Swap:   1024.0 total,   1024.0 free,      0.0 used.   7006.2 avail Mem 

    PID USER      PR  NI    VIRT    RES    SHR S  %CPU  %MEM     TIME+ COMMAND
    802 agent     30  10  477936 324240   8508 S   0.0   4.0   0:00.67 agent-leak-app-

top - 01:50:16 up  4:42,  0 users,  load average: 0.00, 0.00, 0.00
Tasks:   1 total,   0 running,   1 sleeping,   0 stopped,   0 zombie
%Cpu(s):  0.0 us,  0.0 sy,  0.0 ni,100.0 id,  0.0 wa,  0.0 hi,  0.0 si,  0.0 st
MiB Mem :   7934.4 total,   6382.5 free,    754.4 used,    797.4 buff/cache
MiB Swap:   1024.0 total,   1024.0 free,      0.0 used.   7006.2 avail Mem 

    PID USER      PR  NI    VIRT    RES    SHR S  %CPU  %MEM     TIME+ COMMAND
    802 agent     30  10  477936 324240   8508 S   0.0   4.0   0:00.67 agent-leak-app-

top - 01:50:16 up  4:42,  0 users,  load average: 0.00, 0.00, 0.00
Tasks:   1 total,   0 running,   1 sleeping,   0 stopped,   0 zombie
%Cpu(s):  0.0 us,  0.0 sy,  0.0 ni,100.0 id,  0.0 wa,  0.0 hi,  0.0 si,  0.0 st
MiB Mem :   7934.4 total,   6382.5 free,    754.4 used,    797.4 buff/cache
MiB Swap:   1024.0 total,   1024.0 free,      0.0 used.   7006.2 avail Mem 

    PID USER      PR  NI    VIRT    RES    SHR S  %CPU  %MEM     TIME+ COMMAND
    802 agent     30  10  477936 324240   8508 S   0.0   4.0   0:00.67 agent-leak-app-

top - 01:50:16 up  4:42,  0 users,  load average: 0.00, 0.00, 0.00
Tasks:   1 total,   0 running,   1 sleeping,   0 stopped,   0 zombie
%Cpu(s):  0.0 us,  0.0 sy,  0.0 ni,100.0 id,  0.0 wa,  0.0 hi,  0.0 si,  0.0 st
MiB Mem :   7934.4 total,   6382.5 free,    754.4 used,    797.4 buff/cache
MiB Swap:   1024.0 total,   1024.0 free,      0.0 used.   7006.2 avail Mem 

    PID USER      PR  NI    VIRT    RES    SHR S  %CPU  %MEM     TIME+ COMMAND
    802 agent     30  10  477936 324240   8508 S   0.0   4.0   0:00.67 agent-leak-app-

top - 01:50:16 up  4:42,  0 users,  load average: 0.00, 0.00, 0.00
Tasks:   1 total,   0 running,   1 sleeping,   0 stopped,   0 zombie
%Cpu(s):  0.0 us,  0.0 sy,  0.0 ni,100.0 id,  0.0 wa,  0.0 hi,  0.0 si,  0.0 st
MiB Mem :   7934.4 total,   6382.5 free,    754.4 used,    797.4 buff/cache
MiB Swap:   1024.0 total,   1024.0 free,      0.0 used.   7006.2 avail Mem 

    PID USER      PR  NI    VIRT    RES    SHR S  %CPU  %MEM     TIME+ COMMAND
    802 agent     30  10  477936 324240   8508 S   0.0   4.0   0:00.67 agent-leak-app-

top - 01:50:17 up  4:42,  0 users,  load average: 0.00, 0.00, 0.00
Tasks:   1 total,   0 running,   1 sleeping,   0 stopped,   0 zombie
%Cpu(s):  0.0 us,  0.0 sy,  0.0 ni,100.0 id,  0.0 wa,  0.0 hi,  0.0 si,  0.0 st
MiB Mem :   7934.4 total,   6382.5 free,    754.4 used,    797.4 buff/cache
MiB Swap:   1024.0 total,   1024.0 free,      0.0 used.   7006.2 avail Mem 

    PID USER      PR  NI    VIRT    RES    SHR S  %CPU  %MEM     TIME+ COMMAND
    802 agent     30  10  477936 324240   8508 S   0.0   4.0   0:00.67 agent-leak-app-

top - 01:50:17 up  4:42,  0 users,  load average: 0.00, 0.00, 0.00
Tasks:   1 total,   0 running,   1 sleeping,   0 stopped,   0 zombie
%Cpu(s):  0.0 us,  0.0 sy,  0.0 ni, 99.4 id,  0.6 wa,  0.0 hi,  0.0 si,  0.0 st
MiB Mem :   7934.4 total,   6382.5 free,    754.4 used,    797.4 buff/cache
MiB Swap:   1024.0 total,   1024.0 free,      0.0 used.   7006.2 avail Mem 

    PID USER      PR  NI    VIRT    RES    SHR S  %CPU  %MEM     TIME+ COMMAND
    802 agent     30  10  477936 324240   8508 S   0.0   4.0   0:00.67 agent-leak-app-

top - 01:50:17 up  4:42,  0 users,  load average: 0.00, 0.00, 0.00
Tasks:   1 total,   0 running,   1 sleeping,   0 stopped,   0 zombie
%Cpu(s):  0.0 us,  0.6 sy,  0.0 ni, 99.4 id,  0.0 wa,  0.0 hi,  0.0 si,  0.0 st
MiB Mem :   7934.4 total,   6382.5 free,    754.4 used,    797.4 buff/cache
MiB Swap:   1024.0 total,   1024.0 free,      0.0 used.   7006.2 avail Mem 

    PID USER      PR  NI    VIRT    RES    SHR S  %CPU  %MEM     TIME+ COMMAND
    802 agent     30  10  477936 324240   8508 S   0.0   4.0   0:00.67 agent-leak-app-

top - 01:50:17 up  4:42,  0 users,  load average: 0.00, 0.00, 0.00
Tasks:   1 total,   0 running,   1 sleeping,   0 stopped,   0 zombie
%Cpu(s):  0.0 us,  1.2 sy,  0.0 ni, 98.8 id,  0.0 wa,  0.0 hi,  0.0 si,  0.0 st
MiB Mem :   7934.4 total,   6382.5 free,    754.4 used,    797.4 buff/cache
MiB Swap:   1024.0 total,   1024.0 free,      0.0 used.   7006.2 avail Mem 

    PID USER      PR  NI    VIRT    RES    SHR S  %CPU  %MEM     TIME+ COMMAND
    802 agent     30  10  503540 349844   8508 S  15.0   4.3   0:00.70 agent-leak-app-

top - 01:50:17 up  4:42,  0 users,  load average: 0.00, 0.00, 0.00
Tasks:   1 total,   0 running,   1 sleeping,   0 stopped,   0 zombie
%Cpu(s):  0.0 us,  0.0 sy,  0.0 ni,100.0 id,  0.0 wa,  0.0 hi,  0.0 si,  0.0 st
MiB Mem :   7934.4 total,   6382.5 free,    754.4 used,    797.4 buff/cache
MiB Swap:   1024.0 total,   1024.0 free,      0.0 used.   7006.2 avail Mem 

    PID USER      PR  NI    VIRT    RES    SHR S  %CPU  %MEM     TIME+ COMMAND
    802 agent     30  10  503540 349844   8508 S   0.0   4.3   0:00.70 agent-leak-app-

top - 01:50:18 up  4:42,  0 users,  load average: 0.00, 0.00, 0.00
Tasks:   1 total,   0 running,   1 sleeping,   0 stopped,   0 zombie
%Cpu(s):  0.0 us,  0.0 sy,  0.0 ni,100.0 id,  0.0 wa,  0.0 hi,  0.0 si,  0.0 st
MiB Mem :   7934.4 total,   6382.5 free,    754.4 used,    797.4 buff/cache
MiB Swap:   1024.0 total,   1024.0 free,      0.0 used.   7006.2 avail Mem 

    PID USER      PR  NI    VIRT    RES    SHR S  %CPU  %MEM     TIME+ COMMAND
    802 agent     30  10  503540 349844   8508 S   0.0   4.3   0:00.70 agent-leak-app-

top - 01:50:18 up  4:42,  0 users,  load average: 0.00, 0.00, 0.00
Tasks:   1 total,   0 running,   1 sleeping,   0 stopped,   0 zombie
%Cpu(s):  0.0 us,  0.0 sy,  0.0 ni,100.0 id,  0.0 wa,  0.0 hi,  0.0 si,  0.0 st
MiB Mem :   7934.4 total,   6382.5 free,    754.4 used,    797.4 buff/cache
MiB Swap:   1024.0 total,   1024.0 free,      0.0 used.   7006.2 avail Mem 

    PID USER      PR  NI    VIRT    RES    SHR S  %CPU  %MEM     TIME+ COMMAND
    802 agent     30  10  503540 349844   8508 S   0.0   4.3   0:00.70 agent-leak-app-

top - 01:50:18 up  4:42,  0 users,  load average: 0.00, 0.00, 0.00
Tasks:   1 total,   0 running,   1 sleeping,   0 stopped,   0 zombie
%Cpu(s):  0.0 us,  0.0 sy,  0.6 ni, 99.4 id,  0.0 wa,  0.0 hi,  0.0 si,  0.0 st
MiB Mem :   7934.4 total,   6382.5 free,    754.4 used,    797.4 buff/cache
MiB Swap:   1024.0 total,   1024.0 free,      0.0 used.   7006.2 avail Mem 

    PID USER      PR  NI    VIRT    RES    SHR S  %CPU  %MEM     TIME+ COMMAND
    802 agent     30  10  503540 349844   8508 S   5.0   4.3   0:00.71 agent-leak-app-

top - 01:50:18 up  4:42,  0 users,  load average: 0.00, 0.00, 0.00
Tasks:   1 total,   0 running,   1 sleeping,   0 stopped,   0 zombie
%Cpu(s):  0.0 us,  0.0 sy,  0.0 ni,100.0 id,  0.0 wa,  0.0 hi,  0.0 si,  0.0 st
MiB Mem :   7934.4 total,   6382.5 free,    754.4 used,    797.4 buff/cache
MiB Swap:   1024.0 total,   1024.0 free,      0.0 used.   7006.2 avail Mem 

    PID USER      PR  NI    VIRT    RES    SHR S  %CPU  %MEM     TIME+ COMMAND
    802 agent     30  10  503540 349844   8508 S   0.0   4.3   0:00.71 agent-leak-app-

top - 01:50:19 up  4:42,  0 users,  load average: 0.00, 0.00, 0.00
Tasks:   1 total,   0 running,   1 sleeping,   0 stopped,   0 zombie
%Cpu(s):  0.0 us,  0.6 sy,  0.0 ni, 99.4 id,  0.0 wa,  0.0 hi,  0.0 si,  0.0 st
MiB Mem :   7934.4 total,   6358.8 free,    778.1 used,    797.4 buff/cache
MiB Swap:   1024.0 total,   1024.0 free,      0.0 used.   6982.5 avail Mem 

    PID USER      PR  NI    VIRT    RES    SHR S  %CPU  %MEM     TIME+ COMMAND
    802 agent     30  10  503540 349844   8508 S   0.0   4.3   0:00.71 agent-leak-app-

top - 01:50:19 up  4:42,  0 users,  load average: 0.00, 0.00, 0.00
Tasks:   1 total,   0 running,   1 sleeping,   0 stopped,   0 zombie
%Cpu(s):  0.0 us,  0.0 sy,  0.0 ni,100.0 id,  0.0 wa,  0.0 hi,  0.0 si,  0.0 st
MiB Mem :   7934.4 total,   6358.8 free,    778.1 used,    797.4 buff/cache
MiB Swap:   1024.0 total,   1024.0 free,      0.0 used.   6982.5 avail Mem 

    PID USER      PR  NI    VIRT    RES    SHR S  %CPU  %MEM     TIME+ COMMAND
    802 agent     30  10  503540 349844   8508 S   0.0   4.3   0:00.71 agent-leak-app-

top - 01:50:19 up  4:42,  0 users,  load average: 0.00, 0.00, 0.00
Tasks:   1 total,   0 running,   1 sleeping,   0 stopped,   0 zombie
%Cpu(s):  0.0 us,  0.0 sy,  0.0 ni,100.0 id,  0.0 wa,  0.0 hi,  0.0 si,  0.0 st
MiB Mem :   7934.4 total,   6358.8 free,    778.1 used,    797.4 buff/cache
MiB Swap:   1024.0 total,   1024.0 free,      0.0 used.   6982.5 avail Mem 

    PID USER      PR  NI    VIRT    RES    SHR S  %CPU  %MEM     TIME+ COMMAND
    802 agent     30  10  503540 349844   8508 S   0.0   4.3   0:00.71 agent-leak-app-

top - 01:50:19 up  4:42,  0 users,  load average: 0.00, 0.00, 0.00
Tasks:   1 total,   0 running,   1 sleeping,   0 stopped,   0 zombie
%Cpu(s):  0.6 us,  0.0 sy,  0.0 ni, 99.4 id,  0.0 wa,  0.0 hi,  0.0 si,  0.0 st
MiB Mem :   7934.4 total,   6358.8 free,    778.1 used,    797.4 buff/cache
MiB Swap:   1024.0 total,   1024.0 free,      0.0 used.   6982.5 avail Mem 

    PID USER      PR  NI    VIRT    RES    SHR S  %CPU  %MEM     TIME+ COMMAND
    802 agent     30  10  503540 349844   8508 S   0.0   4.3   0:00.71 agent-leak-app-

top - 01:50:19 up  4:42,  0 users,  load average: 0.00, 0.00, 0.00
Tasks:   1 total,   0 running,   1 sleeping,   0 stopped,   0 zombie
%Cpu(s):  1.9 us,  1.3 sy,  0.0 ni, 96.2 id,  0.0 wa,  0.0 hi,  0.6 si,  0.0 st
MiB Mem :   7934.4 total,   6358.8 free,    778.1 used,    797.4 buff/cache
MiB Swap:   1024.0 total,   1024.0 free,      0.0 used.   6982.5 avail Mem 

    PID USER      PR  NI    VIRT    RES    SHR S  %CPU  %MEM     TIME+ COMMAND
    802 agent     30  10  503540 349844   8508 S   0.0   4.3   0:00.71 agent-leak-app-

top - 01:50:20 up  4:42,  0 users,  load average: 0.00, 0.00, 0.00
Tasks:   1 total,   0 running,   1 sleeping,   0 stopped,   0 zombie
%Cpu(s):  0.0 us,  0.0 sy,  0.0 ni,100.0 id,  0.0 wa,  0.0 hi,  0.0 si,  0.0 st
MiB Mem :   7934.4 total,   6358.8 free,    778.1 used,    797.4 buff/cache
MiB Swap:   1024.0 total,   1024.0 free,      0.0 used.   6982.5 avail Mem 

    PID USER      PR  NI    VIRT    RES    SHR S  %CPU  %MEM     TIME+ COMMAND
    802 agent     30  10  503540 349844   8508 S   0.0   4.3   0:00.71 agent-leak-app-

top - 01:50:20 up  4:42,  0 users,  load average: 0.00, 0.00, 0.00
Tasks:   1 total,   0 running,   1 sleeping,   0 stopped,   0 zombie
%Cpu(s):  0.0 us,  0.0 sy,  0.0 ni,100.0 id,  0.0 wa,  0.0 hi,  0.0 si,  0.0 st
MiB Mem :   7934.4 total,   6358.8 free,    778.1 used,    797.4 buff/cache
MiB Swap:   1024.0 total,   1024.0 free,      0.0 used.   6982.5 avail Mem 

    PID USER      PR  NI    VIRT    RES    SHR S  %CPU  %MEM     TIME+ COMMAND
    802 agent     30  10  503540 349844   8508 S   0.0   4.3   0:00.71 agent-leak-app-

top - 01:50:20 up  4:42,  0 users,  load average: 0.00, 0.00, 0.00
Tasks:   1 total,   0 running,   1 sleeping,   0 stopped,   0 zombie
%Cpu(s):  0.6 us,  0.0 sy,  0.0 ni, 99.4 id,  0.0 wa,  0.0 hi,  0.0 si,  0.0 st
MiB Mem :   7934.4 total,   6358.8 free,    778.1 used,    797.4 buff/cache
MiB Swap:   1024.0 total,   1024.0 free,      0.0 used.   6982.5 avail Mem 

    PID USER      PR  NI    VIRT    RES    SHR S  %CPU  %MEM     TIME+ COMMAND
    802 agent     30  10  503540 349844   8508 S   0.0   4.3   0:00.71 agent-leak-app-

top - 01:50:20 up  4:42,  0 users,  load average: 0.00, 0.00, 0.00
Tasks:   1 total,   0 running,   1 sleeping,   0 stopped,   0 zombie
%Cpu(s):  0.0 us,  1.2 sy,  0.0 ni, 98.8 id,  0.0 wa,  0.0 hi,  0.0 si,  0.0 st
MiB Mem :   7934.4 total,   6358.8 free,    778.1 used,    797.4 buff/cache
MiB Swap:   1024.0 total,   1024.0 free,      0.0 used.   6982.5 avail Mem 

    PID USER      PR  NI    VIRT    RES    SHR S  %CPU  %MEM     TIME+ COMMAND
    802 agent     30  10  529144 374764   8508 S   4.8   4.6   0:00.72 agent-leak-app-

top - 01:50:20 up  4:42,  0 users,  load average: 0.00, 0.00, 0.00
Tasks:   1 total,   0 running,   1 sleeping,   0 stopped,   0 zombie
%Cpu(s):  0.0 us,  0.0 sy,  0.0 ni, 99.4 id,  0.0 wa,  0.0 hi,  0.6 si,  0.0 st
MiB Mem :   7934.4 total,   6358.8 free,    778.1 used,    797.4 buff/cache
MiB Swap:   1024.0 total,   1024.0 free,      0.0 used.   6982.5 avail Mem 

    PID USER      PR  NI    VIRT    RES    SHR S  %CPU  %MEM     TIME+ COMMAND
    802 agent     30  10  529144 375448   8508 S   0.0   4.6   0:00.72 agent-leak-app-
